"player_name","player_id","year","xwoba","xba","xslg","xiso","xobp","brl","brl_percent","exit_velocity","max_ev","hard_hit_percent","k_percent","bb_percent","whiff_percent","chase_percent","arm_strength","sprint_speed","oaa","bat_speed","squared_up_rate","swing_length"
"Basallo, Samuel","694212","2026",67,69,78,77,51,61,71,94,83,89,29,43,12,16,,11,,86,67,23
"Bleday, JJ","668709","2026",,,,,,,,,89,,,,,,,59,,,,
"Ramírez, Agustín","682663","2026",19,25,11,13,37,19,22,46,97,47,50,58,19,66,,57,,93,10,23
"Domínguez, Jasson","691176","2026",,,,,,,,,73,,,,,,,41,,,,
"Hinds, Rece","677956","2026",,,,,,,,,58,,,,,,,83,,,,
"Walls, Taylor","670764","2026",1,1,1,1,8,1,1,1,5,1,34,70,75,69,28,65,71,,,
"Alvarez, Yordan","670541","2026",100,100,100,100,100,98,95,97,100,93,87,83,76,65,,4,,91,61,23
"Caglianone, Jac","695506","2026",59,48,68,75,41,81,90,93,98,93,14,39,18,36,100,49,24,96,42,5
"Myers, Dane","667472","2026",,,,,,,,,21,,,,,,,46,67,,,
"Okamoto, Kazuma","672960","2026",83,57,91,94,59,90,91,93,89,94,20,68,15,77,,23,71,72,61,5
"Langeliers, Shea","669127","2026",97,99,97,96,86,94,89,90,96,80,52,42,52,27,,86,,86,35,53
"Kemp, Otto","805249","2026",,,,,,,,,6,,,,,,,69,,,,
"Heim, Jonah","641680","2026",,,,,,,,,15,,,,,,,9,,,,
"Langford, Wyatt","694671","2026",17,51,26,22,14,12,22,72,54,33,44,11,50,51,55,72,83,,,
"Jeffers, Ryan","680777","2026",84,51,78,83,83,78,85,79,85,58,74,88,85,80,,27,,70,49,62
"Williams, Carson","700246","2026",,,,,,,,,65,,,,,,,51,,,,
"Ballesteros, Moisés","694208","2026",61,55,71,74,44,73,84,67,79,80,69,49,31,15,,4,,63,70,62
"Barger, Addison","680718","2026",,,,,,,,,44,,,,,,,24,,,,
"Steer, Spencer","668715","2026",84,69,91,91,65,90,92,61,34,36,40,37,56,75,41,83,27,32,71,44
"O'Neill, Tyler","641933","2026",,,,,,,,,54,,,,,,,65,,,,
"Wynns, Austin","642851","2026",,,,,,,,,57,,,,,,,7,,,,
"Adell, Jo","666176","2026",58,77,70,62,40,61,41,74,96,73,48,1,47,8,67,70,23,97,15,9
"Crawford, J.P.","641487","2026",85,63,61,55,96,52,55,34,42,29,80,98,90,98,19,14,2,44,81,53
"Valera, George","671655","2026",,,,,,,,,46,,,,,,,13,,,,
"Soto, Juan","665742","2026",93,72,96,96,85,88,97,89,95,78,86,86,69,85,,19,,,,
"Torres, Gleyber","650402","2026",70,62,33,23,92,33,35,1,11,5,83,96,75,99,6,9,82,3,69,77
"Beavers, Dylan","687637","2026",38,38,33,33,47,19,24,21,60,36,38,72,59,82,79,94,14,39,39,44
"Bazzana, Travis","683953","2026",,,,,,,,,44,,,,,,,68,,,,
"Burleson, Alec","676475","2026",86,74,93,93,68,88,76,78,81,73,82,61,74,24,8,13,27,48,82,44
"Nimmo, Brandon","607043","2026",86,93,82,67,89,73,59,83,54,92,64,58,57,57,71,74,35,51,74,77
"Refsnyder, Rob","608701","2026",,,,,,,,,60,,,,,,,32,,,,
"d'Arnaud, Travis","518595","2026",,,,,,,,,14,,,,,,,8,,,,
"Karros, Kyle","691720","2026",62,53,31,24,84,27,35,50,83,38,27,90,38,75,54,51,92,18,27,77
"Saggese, Thomas","695336","2026",,,,,,,,,62,,,,,,,60,72,,,
"Aranda, Jonathan","666018","2026",75,58,68,68,81,61,54,55,38,53,38,83,63,48,35,10,8,23,67,44
"Church, Nathan","701675","2026",38,50,63,65,16,68,71,12,65,22,53,7,64,1,91,87,78,28,24,53
"Trout, Mike","545361","2026",99,69,98,99,100,97,99,87,96,88,29,99,65,97,64,89,22,86,29,34
"Keith, Colt","690993","2026",56,83,64,49,45,27,30,71,60,70,56,12,65,86,,81,16,,,
"Marte, Starling","516782","2026",,,,,,,,,56,,,,,,,12,,,,
"Kurtz, Nick","701762","2026",91,58,83,86,97,84,89,98,98,98,14,100,4,89,5,35,83,99,10,9
"Rocchio, Brayan","677587","2026",45,60,27,17,65,12,10,9,60,17,98,50,72,47,35,55,61,18,56,34
"Olson, Matt","621566","2026",96,67,98,99,73,98,97,95,81,92,36,74,48,64,27,12,97,79,38,34
"Kelenic, Jarred","672284","2026",,,,,,,,,49,,,,,,,14,,,,
"Hoskins, Rhys","656555","2026",28,2,8,29,48,33,62,44,86,72,24,96,19,91,,6,3,57,20,1
"Cook, Billy","695257","2026",,,,,,,,,11,,,,,,,92,,,,
"Grissom, Vaughn","687093","2026",,,,,,,,,34,,,,,,72,33,40,,,
"Mauricio, Ronny","677595","2026",,,,,,,,,78,,,,,,,13,,,,
"Doyle, Brenton","686668","2026",2,4,2,8,7,7,15,31,58,19,4,51,18,17,91,86,60,46,2,53
"Quero, Edgar","700337","2026",3,3,1,2,17,1,1,66,29,12,38,50,41,65,,2,,7,68,89
"Melendez, MJ","669004","2026",,,,,,,,,84,,,,,,,45,,,,
"Peña, Jeremy","665161","2026",,,,,,,,,29,,,,,,,85,,,,
"Mateo, Jorge","622761","2026",,,,,,,,,86,,,,,,,100,81,,,
"Straw, Myles","664702","2026",,,,,,,,,34,,,,,,48,97,,,,
"Lockridge, Brandon","663604","2026",13,35,5,1,38,3,6,11,70,19,28,61,34,47,67,95,45,61,3,87
"Wilson, Jacob","805779","2026",12,69,19,6,16,12,8,2,19,12,94,3,92,3,79,48,98,1,88,100
"Candelario, Jeimer","600869","2026",,,,,,,,,8,,,,,,,28,,,,
"Moniak, Mickey","666160","2026",57,33,86,92,13,73,81,52,55,54,25,19,26,5,39,71,53,73,33,9
"Grisham, Trent","663757","2026",68,22,68,82,64,84,83,85,81,88,70,92,82,99,38,36,26,15,100,53
"Walker, Christian","572233","2026",74,60,81,83,52,90,82,81,86,84,71,47,33,58,3,20,72,78,74,44
"Ruiz, Keibert","660688","2026",,,,,,,,,24,,,,,,,11,,,,
"Ozuna, Marcell","542303","2026",46,27,58,70,36,52,55,46,77,35,28,53,36,67,,19,,69,38,34
"Mead, Curtis","678554","2026",86,78,81,78,86,43,64,52,60,77,84,82,84,80,,41,3,,,
"Espinal, Santiago","669289","2026",,,,,,,,,6,,,,,,,34,,,,
"Betts, Mookie","605141","2026",,,,,,,,,8,,,,,,,22,,,,
"Hernández, Heriberto","681715","2026",,,,,,,,,64,,,,,,,85,13,,,
"Cruz, Oneil","665833","2026",77,65,89,90,49,97,95,100,100,100,3,33,3,26,100,84,9,99,32,16
"Lindor, Francisco","596019","2026",65,54,67,66,62,43,60,74,78,60,70,63,45,62,13,42,90,61,26,34
"Mayer, Marcelo","691785","2026",14,15,12,18,19,33,41,20,55,42,65,33,39,64,11,57,92,84,31,5
"Scott II, Victor","687363","2026",3,12,4,6,9,3,4,19,19,7,26,26,23,87,73,98,82,,,
"Rengifo, Luis","650859","2026",20,32,16,18,33,33,32,21,36,25,96,46,83,62,,55,30,23,85,69
"Vierling, Matt","663837","2026",57,80,58,38,55,19,24,35,31,40,83,43,94,61,50,83,43,,,
"Suzuki, Seiya","673548","2026",87,81,86,81,92,43,62,46,89,58,38,87,45,89,84,63,65,61,30,53
"Ramos, Heliot","671218","2026",65,86,80,71,43,84,84,88,80,91,20,12,27,12,69,53,28,46,20,89
"Caballero, José","676609","2026",16,29,17,23,19,19,17,1,48,10,61,14,33,24,32,79,88,8,37,89
"Bellinger, Cody","641355","2026",91,94,83,67,95,73,55,61,57,50,91,89,82,80,86,62,76,20,95,5
"Greene, Riley","682985","2026",90,78,87,85,89,84,85,74,83,91,23,89,26,77,32,44,15,89,25,53
"Shewmake, Braden","669699","2026",,,,,,,,,16,,,,,,,31,,,,
"Tucker, Kyle","663656","2026",59,49,46,45,67,52,39,46,34,55,58,80,55,72,62,24,17,42,65,44
"Thomas, Alek","677950","2026",24,36,49,57,9,33,51,60,43,58,41,3,39,4,28,67,84,15,69,87
"Torkelson, Spencer","679529","2026",74,30,73,86,68,81,90,83,63,83,6,88,38,97,1,25,10,65,26,9
"Giménez, Andrés","665926","2026",4,35,12,10,6,19,16,7,52,7,85,2,66,2,58,63,84,6,71,77
"Trevino, Jose","624431","2026",,,,,,,,,6,,,,,,,1,,,,
"Pozo, Yohel","650968","2026",,,,,,,,,16,,,,,,,5,,,,
"Díaz, Yandy","650490","2026",77,92,65,38,87,43,31,54,91,51,93,39,96,62,,15,,60,67,9
"Mullins, Cedric","656775","2026",1,1,2,19,1,7,8,21,20,10,65,10,70,54,44,61,46,28,54,16
"Smith, Dominic","642086","2026",,,,,,,,,55,,,,,,,18,,,,
"McCutchen, Andrew","457705","2026",,,,,,,,,24,,,,,,,64,,,,
"García Jr., Luis","671277","2026",40,81,59,40,28,27,24,88,74,70,82,4,89,5,,42,21,65,80,53
"Marsee, Jakob","805300","2026",17,5,4,12,41,12,11,34,74,46,28,80,79,84,84,64,88,29,52,95
"Feduccia, Hunter","676439","2026",,,,,,,,,14,,,,,,,53,,,,
"Adames, Willy","642715","2026",4,13,24,42,1,52,41,31,37,35,14,4,48,38,66,60,1,55,33,3
"McNeil, Jeff","643446","2026",45,84,25,6,68,3,3,6,17,13,90,30,88,40,12,18,33,6,73,69
"Arraez, Luis","650333","2026",28,89,26,4,45,1,1,14,4,1,100,12,100,32,33,35,99,1,100,100
"Conine, Griffin","665052","2026",,,,,,,,,96,,,,,,,57,,,,
"Freeland, Alex","690976","2026",24,22,26,35,26,33,52,39,31,27,19,54,26,86,34,43,94,,,
"Vilade, Ryan","668723","2026",,,,,,,,,47,,,,,,,82,,,,
"Clement, Ernie","676391","2026",21,81,32,11,26,7,4,10,62,6,100,3,95,3,15,57,7,2,96,69
"Mangum, Jake","663968","2026",,,,,,,,,14,,,,,,,93,,,,
"Riley, Austin","663586","2026",25,15,41,62,14,68,57,78,80,70,26,39,11,31,49,68,11,84,42,34
"Alexander, Blaze","677942","2026",43,88,28,5,65,3,6,87,91,84,17,22,9,46,67,76,7,61,18,34
"Baty, Brett","683146","2026",22,27,25,33,23,33,44,57,72,27,26,43,36,56,,40,22,87,43,34
"Murray, Tanner","695020","2026",,,,,,,,,49,,,,,,,44,,,,
"Schwarber, Kyle","656941","2026",94,33,95,98,75,97,99,90,91,86,6,87,17,78,,19,,98,7,44
"Stephenson, Tyler","663886","2026",55,20,59,75,42,52,78,83,32,85,17,76,39,93,,39,,32,53,44
"De La Cruz, Elly","682829","2026",87,85,90,88,72,92,88,96,99,90,23,52,23,81,90,75,98,81,65,77
"Muncy, Max","571970","2026",99,93,99,97,94,94,96,93,65,96,35,85,29,78,33,55,91,42,74,77
"Escarra, J.C.","641555","2026",,,,,,,,,54,,,,,,,23,,,,
"Tena, José","677588","2026",,,,,,,,,88,,,,,,,64,,,,
"Arias, Gabriel","672356","2026",,,,,,,,,81,,,,,,,31,,,,
"Martínez, Angel","682657","2026",40,67,54,41,33,61,57,31,65,25,52,5,84,6,95,64,87,35,11,5
"Suárez, Eugenio","553993","2026",11,7,16,35,9,27,51,4,60,2,13,47,14,59,,18,,,,
"Turang, Brice","668930","2026",98,92,94,90,99,73,71,89,60,86,56,97,86,92,50,87,77,29,85,89
"Merrill, Jackson","701538","2026",57,52,70,73,47,73,64,57,50,80,36,47,37,19,82,88,54,67,8,23
"Vargas, Ildemaro","545121","2026",65,97,72,38,57,27,20,17,54,23,97,6,93,4,,43,67,26,92,44
"Schmitt, Casey","669477","2026",77,76,89,89,43,88,89,57,51,78,55,6,66,24,,72,,57,66,9
"Massey, Michael","686681","2026",,,,,,,,,34,,,,,,19,39,70,,,
"Sanoja, Javier","691594","2026",6,27,4,2,21,3,4,23,25,22,94,43,95,7,,84,56,,,
"Freeman, Tyler","671289","2026",59,83,37,14,78,1,1,18,20,17,91,4,97,38,,51,,,,
"Wong, Connor","657136","2026",,,,,,,,,43,,,,,,,56,,,,
"Machado, Manny","592518","2026",46,33,39,48,54,43,37,69,48,69,45,80,53,54,49,3,90,73,19,9
"Palacios, Richie","680700","2026",,,,,,,,,29,,,,,,,39,20,,,
"Mayo, Coby","691723","2026",5,7,14,32,4,19,32,64,95,61,6,29,15,44,,73,4,,,
"Báez, Javier","595879","2026",,,,,,,,,12,,,,,,72,52,18,,,
"Young, Jared","676724","2026",,,,,,,,,93,,,,,,,54,,,,
"Thomas, Colby","687515","2026",,,,,,,,,42,,,,,,,69,,,,
"Kiner-Falefa, Isiah","643396","2026",,,,,,,,,11,,,,,,,61,89,,,
"Cronenworth, Jake","630105","2026",36,19,13,22,55,19,27,21,49,17,56,76,60,73,10,91,70,51,9,62
"Encarnacion, Jerar","666464","2026",,,,,,,,,86,,,,,,,35,,,,
"Robert Jr., Luis","673357","2026",53,46,38,36,67,7,11,65,88,56,75,83,46,34,61,94,41,,,
"Carter, Evan","694497","2026",42,10,27,50,52,52,54,38,45,39,49,90,47,94,57,78,95,32,38,69
"Goodman, Hunter","696100","2026",39,19,65,78,17,78,85,91,83,93,1,28,4,3,,49,,91,6,34
"Morel, Christopher","666624","2026",,,,,,,,,58,,,,,,,26,,,,
"Semien, Marcus","543760","2026",30,41,40,42,24,61,47,10,38,21,60,28,64,58,13,79,27,10,69,9
"Stanton, Giancarlo","519317","2026",55,48,77,83,20,73,94,96,99,65,12,20,2,45,,1,,,,
"Susac, Daniel","691740","2026",,,,,,,,,16,,,,,,,37,,,,
"India, Jonathan","663697","2026",,,,,,,,,20,,,,,,,66,17,,,
"Moreno, Gabriel","672515","2026",,,,,,,,,66,,,,,,,29,,,,
"Harris, Dustin","687957","2026",,,,,,,,,11,,,,,,,89,,,,
"Arozarena, Randy","668227","2026",50,51,28,25,68,33,29,72,91,51,36,55,35,29,33,40,21,23,62,62
"Marchán, Rafael","665561","2026",,,,,,,,,11,,,,,,,25,,,,
"Romo, Drew","691011","2026",,,,,,,,,49,,,,,,,29,,,,
"Herrera, Iván","671056","2026",81,67,60,53,96,52,39,57,86,64,70,91,70,71,,14,,79,57,5
"McCann, James","543510","2026",,,,,,,,,63,,,,,,,11,,,,
"Caissie, Owen","683357","2026",13,8,23,45,7,33,66,77,89,58,1,18,8,48,89,86,4,76,4,69
"Chapman, Matt","656305","2026",7,8,6,9,16,33,27,21,91,16,42,47,50,72,66,74,76,92,9,53
"Wilson, Weston","642215","2026",,,,,,,,,68,,,,,,,36,,,,
"Haase, Eric","606992","2026",,,,,,,,,1,,,,,,,58,,,,
"Friedl, TJ","670770","2026",3,6,3,6,11,12,14,25,28,11,46,34,46,61,49,36,74,32,78,89
"Valenzuela, Brandon","678218","2026",,,,,,,,,79,,,,,,,6,,,,
"Benintendi, Andrew","643217","2026",30,44,55,61,11,52,68,40,16,96,5,15,13,16,,34,,16,41,62
"Abrams, CJ","682928","2026",88,78,87,84,87,84,79,50,73,50,64,64,28,18,55,87,1,50,48,16
"Smith, Josh","669701","2026",32,25,15,21,52,19,27,28,44,24,67,80,64,42,8,56,14,13,48,77
"Turner, Trea","607208","2026",17,41,22,20,19,33,21,61,62,40,54,23,42,21,38,99,2,42,79,16
"Peters, Tristan","671976","2026",16,41,13,12,28,7,11,31,14,4,36,26,42,19,26,88,92,15,42,87
"McGuire, Reese","624512","2026",,,,,,,,,2,,,,,,,10,,,,
"Gelof, Zack","680869","2026",,,,,,,,,44,,,,,,,94,71,,,
"Teodosio, Bryce","669326","2026",,,,,,,,,34,,,,,,73,97,,,,
"Lukes, Nathan","664770","2026",,,,,,,,,38,,,,,,,48,,,,
"Campusano, Luis","669134","2026",,,,,,,,,65,,,,,,,20,,,,
"Fernandez, Jose","699912","2026",32,58,44,34,24,19,26,57,74,81,35,10,35,21,,97,44,79,47,9
"Thomas, Lane","657041","2026",40,16,10,13,78,7,16,5,39,33,64,97,63,84,90,90,21,,,
"Tatis Jr., Fernando","665487","2026",70,74,49,31,77,81,77,90,93,98,34,60,22,51,95,84,95,84,49,44
"McCarthy, Jake","664983","2026",71,86,66,46,77,19,35,5,37,4,77,47,65,55,21,98,35,,,
"Rutschman, Adley","668939","2026",74,81,78,73,55,43,57,50,68,70,86,26,96,67,,33,,,,
"Triolo, Jared","669707","2026",,,,,,,,,49,,,,,,,84,,,,
"McLain, Matt","680574","2026",45,30,30,36,57,52,45,20,71,14,38,77,54,88,47,87,80,42,62,87
"Baldwin, Drake","686948","2026",94,91,93,91,87,94,85,86,66,90,54,63,61,24,,32,,87,53,53
"Fortes, Nick","663743","2026",30,83,30,9,38,3,4,31,52,77,89,1,90,9,,27,,50,73,16
"Norby, Connor","681393","2026",27,5,19,44,35,43,60,25,16,28,8,67,12,67,,77,88,23,19,77
"Rushing, Dalton","687221","2026",,,,,,,,,57,,,,,,,67,,,,
"Goldschmidt, Paul","502671","2026",,,,,,,,,37,,,,,,,4,,,,
"Bart, Joey","663698","2026",,,,,,,,,58,,,,,,,34,,,,
"Monasterio, Andruw","655316","2026",,,,,,,,,38,,,,,,,46,,,,
"Devers, Rafael","646240","2026",6,13,23,42,3,52,45,66,68,74,12,18,18,32,23,19,12,38,25,34
"Beck, Jordan","687597","2026",,,,,,,,,44,,,,,,86,78,73,,,
"Ortiz, Joey","687401","2026",6,11,1,3,13,12,20,6,34,12,52,42,81,28,43,91,94,,,
"Garcia, Maikel","672580","2026",71,91,56,26,81,52,35,69,66,68,83,57,91,95,78,65,97,51,96,69
"Vivas, Jorbit","678391","2026",16,41,4,1,44,3,6,1,48,3,90,23,93,49,,39,74,,,
"Schanuel, Nolan","694384","2026",32,68,28,15,42,12,10,18,30,14,83,25,83,69,9,23,63,4,84,95
"Henderson, Gunnar","683002","2026",21,21,38,52,13,73,60,57,77,67,12,26,43,21,75,80,37,76,19,44
"Matthews, Brice","694728","2026",20,4,43,74,6,33,71,23,76,23,3,41,1,77,69,74,80,,,
"Millas, Drew","686452","2026",,,,,,,,,16,,,,,,,61,,,,
"Reyes, Felix","694025","2026",,,,,,,,,68,,,,,,,78,,,,
"Clarke, Denzel","672016","2026",,,,,,,,,90,,,,,,81,85,81,,,
"Ruiz, Esteury","665923","2026",,,,,,,,,18,,,,,,,99,,,,
"Yelich, Christian","592885","2026",,,,,,,,,76,,,,,,,48,,,,
"Marsh, Brandon","669016","2026",69,96,80,62,60,43,36,69,65,82,62,12,72,12,84,75,50,34,86,62
"Guerrero Jr., Vladimir","665489","2026",87,99,76,44,96,78,59,71,98,63,95,70,78,45,10,20,80,95,57,34
"Murakami, Munetaka","808959","2026",90,25,94,98,78,94,98,99,95,100,3,95,1,87,9,45,29,84,19,5
"Acuña, Luisangel","682668","2026",10,43,10,4,24,7,11,37,63,30,81,23,46,24,73,97,10,,,
"Rogers, Jake","668670","2026",,,,,,,,,25,,,,,,,24,,,,
"Andujar, Miguel","609280","2026",22,68,34,19,21,12,16,50,54,48,72,1,81,13,,33,,39,80,16
"Vázquez, Christian","543877","2026",,,,,,,,,37,,,,,,,1,,,,
"Acuña Jr., Ronald","660670","2026",89,69,84,82,88,78,77,46,86,47,55,82,31,74,95,40,39,91,32,23
"Pérez, Wenceel","672761","2026",,,,,,,,,19,,,,,,42,71,10,,,
"Rodríguez, Julio","677594","2026",64,64,73,70,48,68,49,52,78,52,41,35,30,10,94,89,4,94,8,16
"Bell, Josh","605137","2026",43,36,57,65,31,73,65,54,72,51,46,46,39,46,,9,,51,41,1
"Davis, Henry","680779","2026",13,5,9,22,26,27,45,64,86,26,68,65,68,40,,67,,,,
"Donovan, Brendan","680977","2026",,,,,,,,,60,,,,,,,7,2,,,
"Lowe, Josh","666139","2026",3,4,19,50,1,33,51,25,55,14,16,10,44,20,73,47,68,73,1,34
"Stott, Bryson","681082","2026",24,46,37,35,17,33,32,54,48,48,69,13,87,36,39,89,94,23,92,53
"Cowser, Colton","681297","2026",,,,,,,,,88,,,,,,82,74,91,,,
"Carroll, Corbin","682998","2026",67,46,71,77,60,73,75,61,58,60,30,71,15,30,15,96,89,84,24,23
"Jiménez, Eloy","650391","2026",,,,,,,,,9,,,,,,,23,,,,
"DeLauter, Chase","800050","2026",83,93,76,58,91,52,38,61,77,42,97,72,93,96,62,42,,42,94,23
"Castellanos, Nick","592206","2026",,,,,,,,,50,,,,,,,49,,,,
"Pereira, Everson","677592","2026",,,,,,,,,47,,,,,,,58,,,,
"Kwan, Steven","680757","2026",16,29,6,3,45,3,3,1,6,1,95,68,100,83,75,32,85,1,99,97
"Sánchez, Jesús","660821","2026",47,65,66,62,33,43,41,83,86,78,55,9,50,8,69,18,34,65,51,89
"Edwards, Xavier","669364","2026",80,88,72,55,88,61,38,38,22,35,96,78,88,90,7,76,78,5,99,99
"Marte, Noelvi","682622","2026",,,,,,,,,24,,,,,,,93,,,,
"Walker, Jordan","691023","2026",95,85,95,94,81,97,96,99,98,96,22,65,7,35,99,92,34,100,20,3
"Osuna, Alejandro","696030","2026",,,,,,,,,24,,,,,,,76,,,,
"Rivas, Leo","660844","2026",1,1,1,4,10,3,6,11,5,1,11,77,56,96,47,60,66,,,
"Hernaiz, Darell","687231","2026",,,,,,,,,48,,,,,,,70,82,,,
"Soderstrom, Tyler","691016","2026",49,35,59,68,40,84,80,71,93,83,49,68,54,39,93,37,19,73,57,34
"Naylor, Josh","647304","2026",59,74,64,54,54,61,41,25,80,38,81,35,67,14,36,2,33,25,77,23
"Sheets, Gavin","657757","2026",38,33,62,74,13,61,69,40,65,63,49,17,70,12,,33,5,82,45,9
"Matos, Luis","682641","2026",,,,,,,,,14,,,,,,,38,,,,
"Caratini, Victor","605170","2026",58,50,33,28,70,19,24,40,29,36,56,35,74,63,,3,,29,83,62
"Pagés, Pedro","686780","2026",9,13,22,35,4,19,32,8,40,20,32,7,36,16,,17,,55,5,69
"Mitchell, Garrett","669003","2026",56,18,34,53,72,43,76,79,89,87,1,93,2,97,98,98,72,96,3,62
"Lopez, Otto","672640","2026",75,96,84,67,55,81,64,78,91,75,73,4,71,22,36,81,73,48,89,89
"Loftin, Nick","679845","2026",,,,,,,,,73,,,,,,,71,5,,,
"Outman, James","681546","2026",,,,,,,,,5,,,,,,,52,,,,
"Taylor, Tyrone","621438","2026",,,,,,,,,39,,,,,,88,91,23,,,
"Joe, Connor","656582","2026",,,,,,,,,40,,,,,,,31,,,,
"Duran, Jarren","680776","2026",25,31,41,51,15,68,65,60,97,39,30,23,13,18,71,94,83,82,30,23
"Bohm, Alec","664761","2026",10,18,9,10,16,7,7,40,51,33,87,30,86,83,23,31,89,34,90,62
"Tovar, Ezequiel","678662","2026",19,33,35,41,10,52,49,20,52,23,19,11,23,1,59,68,24,39,4,23
"Vargas, Miguel","678246","2026",96,67,93,94,95,94,90,46,91,64,80,93,81,99,58,84,51,70,57,23
"Johnson, Bryce","669369","2026",,,,,,,,,2,,,,,,,54,,,,
"Meyers, Jake","676694","2026",,,,,,,,,29,,,,,,,67,,,,
"Buxton, Byron","621439","2026",50,22,81,91,10,99,97,44,70,74,27,20,13,13,62,98,90,71,23,2
"Young, Cole","702284","2026",57,62,55,46,57,52,45,28,78,43,36,39,45,42,6,62,82,46,28,77
"Raleigh, Cal","663728","2026",23,3,45,80,5,78,77,16,64,9,7,58,19,13,,16,,81,1,9
"Conforto, Michael","624424","2026",,,,,,,,,57,,,,,,,26,,,,
"Frazier, Adam","624428","2026",,,,,,,,,13,,,,,,18,26,35,,,
"Bailey, Patrick","672275","2026",12,20,20,28,11,12,22,61,26,45,32,32,33,47,,3,,,,
"Heineman, Tyler","623168","2026",,,,,,,,,9,,,,,,,15,,,,
"Duran, Ezequiel","677649","2026",64,76,49,31,72,27,38,83,80,72,56,63,25,29,,92,68,,,
"Dubón, Mauricio","643289","2026",40,64,41,28,45,33,23,20,26,16,79,26,80,23,47,30,95,14,72,23
"Albies, Ozzie","645277","2026",37,54,46,39,34,33,19,12,40,9,93,29,60,13,2,54,91,12,80,62
"Lee, Hao-Yu ","701678","2026",,,,,,,,,72,,,,,,,59,8,,,
"Amaya, Miguel","665804","2026",,,,,,,,,22,,,,,,,7,,,,
"Correa, Carlos","621043","2026",80,89,75,64,87,68,66,46,92,49,68,78,62,35,73,50,78,69,27,62
"Frelick, Sal","686217","2026",30,43,17,16,52,19,17,4,34,5,97,71,98,91,42,90,76,7,91,69
"Contreras, Willson","575929","2026",96,65,92,94,92,90,94,78,93,74,20,74,10,46,45,38,98,93,6,5
"Martin, Austin","668885","2026",84,88,42,14,99,7,10,7,12,22,88,98,91,100,54,68,58,,,
"Bauers, Jake","641343","2026",62,55,74,77,52,68,71,89,88,95,51,61,49,95,16,45,1,95,77,16
"Meidroth, Chase","805367","2026",28,44,19,16,41,19,17,18,40,30,32,54,79,76,14,46,58,3,82,97
"Fermín, José","665877","2026",,,,,,,,,18,,,,,,,48,,,,
"Wells, Austin","669224","2026",52,22,35,50,73,19,31,72,71,80,48,94,41,67,,9,,58,35,23
"House, Brady","691781","2026",46,52,59,61,31,68,68,44,93,60,17,30,10,27,,73,11,67,16,34
"Díaz, Elias","553869","2026",,,,,,,,,65,,,,,,,1,,,,
"Wood, James","695578","2026",98,72,97,99,97,100,100,100,99,99,10,97,6,88,76,61,4,95,47,44
"O'Hearn, Ryan","656811","2026",77,83,71,59,84,43,34,67,44,64,64,68,67,49,30,38,71,29,82,69
"Lewis, Royce","668904","2026",27,13,20,34,31,52,82,26,81,51,18,55,3,41,,53,11,67,14,2
"Lowe, Nathaniel","663993","2026",88,86,91,88,78,52,84,54,90,68,40,57,62,67,,12,,,,
"Collins, Isaac","686555","2026",36,22,14,19,57,33,49,40,74,45,17,83,38,98,28,66,13,67,49,89
"Sosa, Edmundo","624641","2026",,,,,,,,,81,,,,,,27,74,81,,,
"Wallner, Matt","670242","2026",23,11,22,38,23,43,68,35,68,45,1,32,1,43,97,22,14,90,1,23
"Taveras, Leody","665750","2026",69,60,53,44,83,19,27,17,45,19,60,88,50,55,98,93,61,,,
"Rivero, Sebastián","665861","2026",,,,,,,,,26,,,,,,,15,,,,
"Bichette, Bo","666182","2026",48,85,51,26,48,33,20,77,80,70,76,20,80,7,53,16,81,16,80,69
"Ibáñez, Andy","628451","2026",,,,,,,,,18,,,,,,,56,,,,
"Witt Jr., Bobby","677951","2026",91,97,90,79,89,92,81,93,98,91,77,61,55,26,88,100,100,69,64,77
"Canzone, Dominic","686527","2026",80,81,86,81,71,61,88,96,95,87,45,47,14,32,,22,,,,
"Call, Alex","669743","2026",,,,,,,,,12,,,,,,,65,,,,
"Isbel, Kyle","664728","2026",25,43,24,24,29,19,26,14,40,12,43,14,74,21,41,44,86,,,
"Bregman, Alex","608324","2026",52,51,45,41,65,52,34,46,46,64,77,74,80,96,26,16,36,18,96,77
"Horwitz, Spencer","687462","2026",48,25,17,24,75,12,14,12,18,9,90,93,94,80,4,5,87,11,94,77
"McGonigle, Kevin","805808","2026",92,87,88,81,92,84,73,35,58,28,94,84,97,94,25,77,1,39,88,77
"Polanco, Jorge","593871","2026",,,,,,,,,50,,,,,,,11,,,,
"Abreu, Wilyer","677800","2026",81,80,84,79,79,81,74,64,92,73,62,74,72,70,99,77,90,73,51,69
"Manzardo, Kyle","700932","2026",30,25,34,46,29,43,63,57,47,38,7,46,19,57,,13,40,27,39,5
"Sánchez, Gary","596142","2026",78,15,70,86,83,43,78,39,84,30,45,98,31,94,,2,,,,
"Ramírez, José","608070","2026",82,72,74,71,93,73,52,55,73,40,88,94,87,36,49,50,85,21,45,34
"Castro, Willi","650489","2026",12,11,21,36,8,27,39,43,50,65,5,32,14,9,87,72,63,48,4,62
"Rojas, Miguel","500743","2026",,,,,,,,,46,,,,,,,24,96,,,
"Benson, Will","666181","2026",,,,,,,,,58,,,,,,67,82,66,,,
"Cortes, Carlos","666126","2026",94,100,90,70,93,61,70,74,70,62,99,34,74,86,,21,,26,88,77
"Del Castillo, Adrian","680728","2026",7,8,28,55,2,27,58,46,30,43,9,16,22,52,,26,,,,
"Neto, Zach","687263","2026",47,17,48,65,45,73,69,44,32,28,8,77,23,29,81,53,8,20,11,77
"Laureano, Ramón","657656","2026",49,27,62,76,32,78,83,40,36,65,10,57,22,36,,73,84,51,8,69
"Harper, Bryce","547180","2026",97,87,96,96,91,94,87,38,88,46,83,85,42,19,78,47,1,75,14,44
"Piñango, Yohendrick","682818","2026",,,,,,,,,76,,,,,,,22,,,,
"Clemens, Kody","665019","2026",64,32,60,70,62,68,90,81,33,40,22,60,37,50,,59,85,45,32,53
"Montgomery, Colson","695657","2026",50,8,63,84,35,84,87,65,79,57,16,47,4,61,17,28,99,95,5,9
"Julien, Edouard","666397","2026",71,54,64,64,75,33,52,82,55,85,24,78,30,93,17,27,7,34,65,77
"Gilbert, Drew","687551","2026",,,,,,,,,18,,,,,,82,27,20,,,
"Tawa, Tim","694374","2026",,,,,,,,,13,,,,,,,63,,,,
"Allen, Nick","669397","2026",,,,,,,,,23,,,,,,,49,,,,
"Hayes, Ke'Bryan","663647","2026",36,44,55,59,21,61,75,79,30,44,74,22,76,58,20,39,25,,,
"Harris II, Michael","671739","2026",97,99,98,95,75,92,92,99,97,99,67,9,37,2,57,48,93,87,74,3
"Gray, Tristan","656484","2026",,,,,,,,,78,,,,,,,30,84,,,
"Garver, Mitch","641598","2026",,,,,,,,,71,,,,,,,7,,,,
"Benge, Carson","701807","2026",42,53,45,39,40,27,30,74,52,67,43,43,68,65,97,87,87,39,54,99
"Jensen, Carter","695600","2026",30,7,28,55,26,61,75,67,94,62,8,71,6,68,,62,,87,12,69
"Stubbs, Garrett","596117","2026",,,,,,,,,10,,,,,,,4,,,,
"Rodriguez, Jesus","683679","2026",,,,,,,,,6,,,,,,,55,,,,
"Mountcastle, Ryan","663624","2026",,,,,,,,,75,,,,,,,25,,,,
"Paredes, Isaac","670623","2026",43,44,24,25,60,19,17,26,24,7,80,53,89,52,17,8,31,4,73,9
"Fermin, Freddy","666023","2026",,,,,,,,,11,,,,,,,40,,,,
"Pederson, Joc","592626","2026",61,38,34,36,72,19,32,91,72,90,39,86,10,72,,20,,51,54,44
"Hill, Derek","656537","2026",,,,,,,,,10,,,,,,,94,,,,
"Realmuto, J.T.","592663","2026",27,48,30,26,29,7,11,43,20,46,87,15,67,28,,81,,,,
"Grichuk, Randal","545341","2026",,,,,,,,,74,,,,,,,38,,,,
"Story, Trevor","596115","2026",1,14,7,10,2,12,11,46,60,53,4,7,19,1,24,69,22,34,18,44
"Alvarez, Francisco","682626","2026",65,47,74,80,44,84,93,64,83,53,46,43,29,41,,15,,78,49,53
"Butler, Lawrence","671732","2026",38,38,31,32,49,33,44,67,90,82,25,74,27,77,59,30,13,70,12,69
"Shaw, Matt","807713","2026",35,62,52,40,24,19,29,16,43,24,75,14,82,14,,92,67,,,
"Jones, Greg","675659","2026",,,,,,,,,55,,,,,,,75,,,,
"Vaughn, Andrew","683734","2026",,,,,,,,,11,,,,,,,10,,,,
"Kim, Hyeseong","808975","2026",50,77,35,16,67,12,23,6,9,3,53,51,53,51,61,85,51,,,
"Altuve, Jose","514888","2026",46,54,38,30,60,52,39,7,28,26,63,61,51,32,7,66,9,12,78,23
"Seager, Corey","608369","2026",68,36,78,87,59,92,93,81,68,84,23,80,5,55,28,6,26,46,36,95
"Swanson, Dansby","621020","2026",62,32,61,71,63,68,62,71,68,76,59,86,32,84,24,68,79,36,77,23
"Rooker, Brent","667670","2026",32,8,48,71,19,61,88,44,79,58,5,64,1,50,,51,,,,
"White, Eli","642201","2026",,,,,,,,,52,,,,,,,100,,,,
"Arenado, Nolan","571448","2026",43,55,52,46,37,52,48,2,38,8,54,30,43,38,36,10,36,29,23,1
"DeLuca, Jonny","676356","2026",35,69,42,26,32,12,19,16,54,19,56,13,51,10,77,93,77,,,
"Raley, Luke","670042","2026",93,77,97,97,49,81,99,95,94,96,1,15,1,28,80,77,5,90,2,53
"Smith, Cam","701358","2026",71,57,76,78,60,84,87,35,86,70,22,58,16,34,82,96,96,98,7,9
"Slater, Austin","596103","2026",,,,,,,,,6,,,,,,,66,,,,
"Schneemann, Daniel","682177","2026",67,55,68,69,64,43,65,69,33,56,10,71,11,36,50,58,97,42,38,44
"Contreras, William","661388","2026",70,88,67,48,80,52,35,60,84,58,96,55,91,62,,6,,61,85,62
"Hedges, Austin","595978","2026",,,,,,,,,31,,,,,,,3,,,,
"Lee, Jung Hoo","808982","2026",48,91,42,14,55,12,9,29,39,11,93,20,96,58,92,52,48,11,98,16
"Freeman, Freddie","518692","2026",89,90,92,90,73,90,79,85,68,82,91,42,76,36,20,5,74,27,91,89
"Kirk, Alejandro","672386","2026",,,,,,,,,21,,,,,,,1,,,,
"Santana, Carlos","467793","2026",,,,,,,,,34,,,,,,,1,,,,
"Perez, Salvador","521692","2026",7,8,27,51,3,68,51,29,77,48,43,5,35,1,,2,,36,20,9
"Crow-Armstrong, Pete","691718","2026",39,39,53,59,31,61,48,83,80,78,32,29,38,6,90,95,100,76,39,53
"Anthony, Roman","701350","2026",75,64,57,49,89,43,58,87,86,78,29,91,32,90,87,58,,92,59,34
"Gorman, Nolan","669357","2026",28,20,52,66,17,61,63,43,84,74,13,51,4,42,,8,93,58,12,23
"Perkins, Blake","663368","2026",,,,,,,,,28,,,,,,,90,,,,
"Vientos, Mark","668901","2026",70,69,88,89,34,61,70,69,66,76,45,18,28,32,22,14,6,63,54,34
"Lee, Brooks","686797","2026",11,29,16,19,11,27,21,28,43,14,72,19,75,23,25,29,6,16,73,69
"Lile, Daylen","695734","2026",61,73,58,42,65,43,29,14,58,25,69,49,54,15,52,95,63,25,49,34
"Bader, Harrison","664056","2026",,,,,,,,,36,,,,,,,63,,,,
"Kayfus, CJ","692216","2026",,,,,,,,,14,,,,,,,59,,,,
"Jiménez, Leo","677870","2026",,,,,,,,,14,,,,,,,71,,,,
"Jansen, Danny","643376","2026",2,1,3,21,6,12,26,29,36,30,20,41,44,88,,42,,,,
"Wiemer, Joey","686894","2026",,,,,,,,,71,,,,,,,91,56,,,
"Lowe, Brandon","664040","2026",85,65,87,88,81,81,80,38,76,58,51,83,7,41,16,47,96,63,34,77
"Perdomo, Geraldo","672695","2026",55,47,16,13,83,19,17,10,26,16,91,90,98,90,45,41,76,2,90,89
"Gurriel Jr., Lourdes","666971","2026",,,,,,,,,23,,,,,,,19,,,,
"Johnston, Troy","687859","2026",53,73,46,29,59,7,9,52,26,54,50,41,58,10,43,29,30,21,87,89
"Jung, Josh","673962","2026",78,97,75,51,81,33,23,66,42,81,85,23,84,45,,21,2,36,93,77
"Higashioka, Kyle","543309","2026",,,,,,,,,33,,,,,,,1,,,,
"Williamson, Ben","810938","2026",32,55,14,6,57,1,1,44,56,36,68,65,87,50,31,82,12,29,76,69
"Black, Tyler","672012","2026",,,,,,,,,4,,,,,,,73,,,,
"Griffin, Konnor","804606","2026",53,47,64,67,37,61,66,35,93,30,19,35,6,9,78,99,7,89,13,16
"Caminero, Junior","691406","2026",83,78,88,85,79,81,71,82,99,66,78,73,71,56,60,17,1,100,20,1
"Jones, Jahmai","663330","2026",,,,,,,,,83,,,,,,,79,,,,
"Hays, Austin","669720","2026",,,,,,,,,84,,,,,,,54,,,,
"Meadows, Parker","678009","2026",,,,,,,,,17,,,,,,,82,,,,
"Carpenter, Kerry","681481","2026",35,8,51,75,19,43,73,86,68,87,3,52,9,31,44,37,3,51,30,23
"Antonacci, Sam","803011","2026",93,98,79,54,97,43,74,28,47,20,92,26,85,78,,77,16,,,
"Alonso, Pete","624413","2026",76,47,80,87,60,88,83,98,96,94,35,73,28,70,4,10,88,75,54,62
"Crawford, Justin","702222","2026",17,43,10,5,36,3,4,25,31,27,61,34,78,10,35,97,6,10,65,77
"Urías, Ramón","602104","2026",,,,,,,,,31,,,,,,,37,9,,,
"Soler, Jorge","624585","2026",50,14,57,75,38,73,80,31,90,55,8,65,3,59,,21,,81,1,4
"Simpson, Chandler","802415","2026",7,64,8,1,21,1,1,2,26,1,98,9,99,29,64,96,98,1,98,97
"Wetherholt, JJ","802139","2026",75,36,71,78,73,68,48,57,50,67,74,67,52,83,14,60,99,58,62,23
"Larnach, Trevor","663616","2026",49,31,22,26,77,27,37,14,37,17,74,93,33,58,53,34,69,,,
"Hicks, Liam","689414","2026",81,95,77,58,86,52,39,29,38,44,99,37,99,80,,17,,6,97,89
"Haggerty, Sam","664059","2026",,,,,,,,,20,,,,,,,79,,,,
"Pasquantino, Vinnie","686469","2026",44,39,54,61,38,78,66,57,44,40,60,60,86,28,1,12,86,18,62,62
"Barrosa, Jorge","678489","2026",1,1,1,14,1,19,43,9,13,3,15,37,47,48,60,90,86,,,
"Sosa, Lenyn","672820","2026",6,38,43,49,1,27,43,40,40,30,43,1,57,1,,43,,51,44,23
"Chisholm Jr., Jazz","665862","2026",9,4,12,32,9,33,32,37,74,26,20,54,21,64,12,78,95,61,35,5
"Halpin, Petey","690984","2026",,,,,,,,,36,,,,,,,55,,,,
"Winn, Masyn","691026","2026",32,60,15,6,55,12,11,12,43,6,58,43,61,70,93,70,53,16,45,53
"Varsho, Daulton","662139","2026",38,59,39,28,49,33,30,12,66,39,73,40,73,23,22,47,80,63,13,23
"Fraley, Jake","641584","2026",,,,,,,,,42,,,,,,,80,25,,,
"Burger, Jake","669394","2026",14,25,43,57,3,73,66,61,94,86,24,6,8,6,1,45,36,76,44,44
"García, Adolis","666969","2026",54,58,56,52,47,61,50,92,85,88,31,37,25,52,94,35,85,50,71,16
"Trammell, Taylor","666211","2026",,,,,,,,,83,,,,,,,44,,,,
"McMahon, Ryan","641857","2026",28,21,32,43,29,33,55,88,71,95,12,63,16,55,62,21,42,76,59,53
"Young, Jacob","696285","2026",25,62,30,17,28,27,21,31,42,14,65,7,71,75,64,96,93,18,95,62
"France, Ty","664034","2026",,,,,,,,,60,,,,,,,6,79,,,
"Yoshida, Masataka","807799","2026",,,,,,,,,46,,,,,,,25,,,,
"Ohtani, Shohei","660271","2026",90,60,85,87,94,92,92,92,96,77,39,91,30,52,,50,,82,60,9
"Judge, Aaron","592450","2026",100,83,100,100,98,100,100,97,99,97,16,96,11,81,84,41,55,93,17,4
"Pauley, Graham","688363","2026",,,,,,,,,18,,,,,,,28,73,,,
"Dingler, Dillon","693307","2026",94,94,96,92,79,84,85,74,42,88,67,17,72,26,,65,,36,70,23
"Moncada, Yoán","660162","2026",12,2,7,30,22,27,51,66,70,54,2,78,24,91,,36,3,55,27,44
"Happ, Ian","664023","2026",78,16,82,93,71,90,94,50,80,50,11,94,7,79,45,61,62,50,15,77
"Chourio, Jackson","694192","2026",,,,,,,,,56,,,,,,,71,,,,
"Koss, Christian","683766","2026",,,,,,,,,5,,,,,,,80,,,,
"Sullivan, Brett","664954","2026",,,,,,,,,9,,,,,,,72,,,,
"Durbin, Caleb","702332","2026",10,21,6,3,27,3,3,5,24,13,89,34,92,74,28,76,93,7,92,95
"Kelly, Carson","608348","2026",61,53,49,43,71,43,54,72,47,68,78,76,61,60,,17,,36,87,77
"Rafaela, Ceddanne","678882","2026",23,36,21,22,29,43,41,16,49,29,45,15,43,20,76,90,94,20,52,53
"Muncy, Max","691777","2026",36,25,45,62,23,43,78,88,79,97,2,17,6,10,,69,18,81,23,16
"Keaschall, Luke","807712","2026",20,22,13,18,36,19,14,2,23,4,87,65,97,85,11,88,61,14,64,87
"Naylor, Bo","666310","2026",22,17,52,67,6,43,73,54,52,56,40,23,94,72,,56,,,,
"Schneider, Davis","676914","2026",,,,,,,,,76,,,,,,,42,,,,
"Smith, Will","669257","2026",79,73,83,80,65,78,81,50,73,35,77,53,90,92,,46,,21,77,62
"Rice, Ben","700250","2026",99,96,98,97,98,94,98,97,74,99,31,92,54,93,1,43,16,51,85,34
"Stewart, Sal","701398","2026",91,77,94,93,75,98,96,74,79,54,62,70,48,42,1,30,41,44,42,34
"Brito, Juan","682877","2026",,,,,,,,,34,,,,,,,32,17,,,
"Ward, Taylor","621493","2026",84,67,44,29,99,33,27,35,58,29,71,100,88,100,30,58,18,5,93,89
"Springer, George","543807","2026",30,14,37,58,24,33,58,38,51,43,68,53,62,74,,23,,71,17,34
"O'Hoppe, Logan","681351","2026",26,3,11,32,37,33,69,21,95,49,33,72,25,34,,52,,,,
"Bogaerts, Xander","593428","2026",68,77,67,55,70,61,45,31,70,34,79,58,69,65,39,52,25,36,60,44
"Rosario, Amed","642708","2026",,,,,,,,,85,,,,,,,83,8,,,
"Diaz, Yainer","673237","2026",4,41,13,11,4,12,15,26,60,10,85,1,59,4,,13,,55,89,53
"Busch, Michael","683737","2026",50,30,35,45,63,68,55,28,50,39,50,86,49,70,5,16,97,8,84,77
"Farmer, Kyle","571657","2026",,,,,,,,,3,,,,,,,3,,,,
"Hamilton, David","666152","2026",13,10,7,9,29,7,11,4,64,5,59,67,76,33,55,95,17,12,15,62
"McKinstry, Zach","656716","2026",,,,,,,,,10,,,,,,,50,66,,,
"Peraza, Oswald","672724","2026",59,74,62,52,51,43,57,14,65,20,41,19,19,15,50,80,79,45,16,16
"Stowers, Kyle","669065","2026",,,,,,,,,38,,,,,,,28,,,,
"Reynolds, Bryan","668804","2026",71,33,48,55,89,52,48,83,58,68,30,99,17,85,89,70,9,60,27,77
"Marte, Ketel","606466","2026",71,90,75,62,62,73,60,79,99,72,63,26,58,20,44,26,83,76,36,16
"Fry, David","681807","2026",,,,,,,,,19,,,,,,,16,,,,
"Gonzales, Nick","693304","2026",65,96,45,12,84,7,7,14,62,48,75,29,58,40,40,86,91,26,29,34
"Mack, Joe","691788","2026",,,,,,,,,14,,,,,,,29,,,,
"Rumfield, TJ","681198","2026",61,69,66,59,54,61,43,9,39,33,81,37,78,44,2,5,87,13,57,97
"Jackson, Jeremiah","669236","2026",15,39,40,43,5,43,39,23,70,18,48,1,29,7,25,32,69,58,54,23
"Yorke, Nick","694377","2026",,,,,,,,,93,,,,,,,62,64,,,
"Torrens, Luis","620443","2026",,,,,,,,,28,,,,,,,35,,,,
"Narváez, Carlos","665966","2026",,,,,,,,,64,,,,,,,8,,39,34,34
"Loperfido, Joey","694388","2026",,,,,,,,,22,,,,,,,88,,,,
"Yastrzemski, Mike","573262","2026",6,21,7,8,13,12,16,55,25,32,33,22,55,46,54,45,70,27,62,44
"Hoerner, Nico","663538","2026",67,94,49,16,86,12,8,11,23,7,99,43,99,39,20,81,99,8,97,44
"Pages, Andy","681624","2026",80,95,85,71,70,61,45,77,62,94,54,20,59,17,96,75,92,63,45,16
"Hernández, Teoscar","606192","2026",42,39,51,55,40,52,60,72,73,62,14,55,16,68,76,81,41,45,44,16
"Nuñez, Nasim","683083","2026",19,19,3,1,49,1,1,3,10,2,65,80,67,75,65,99,96,4,31,95