"player_name","player_id","year","xwoba","xba","xslg","xiso","xobp","brl","brl_percent","exit_velocity","max_ev","hard_hit_percent","k_percent","bb_percent","whiff_percent","chase_percent","arm_strength","xera","fb_velocity","fb_spin","curve_spin"
"Dollander, Chase","801403","2026",71,84,67,47,74,15,31,24,29,4,75,44,71,34,,71,98,76,77
"Pfaadt, Brandon","694297","2026",28,45,27,21,37,23,29,64,26,54,20,29,47,74,,28,31,76,42
"Bellozo, Valente","678368","2026",,,,,,,,,37,,,,,,,,2,9,
"Sproat, Brandon","687075","2026",21,47,30,24,20,29,30,42,49,31,53,12,41,8,,21,85,3,48
"Morejon, Adrian","670970","2026",78,50,74,82,76,82,90,94,11,86,86,89,96,92,,78,99,86,
"Hart, Kyle","606996","2026",64,64,75,76,48,82,87,92,37,96,10,52,6,28,,64,24,22,
"Kirby, George","669923","2026",87,72,82,84,87,39,87,53,55,51,31,85,18,89,,87,82,43,24
"Bednar, David","670280","2026",90,77,87,90,86,82,87,87,26,66,81,80,72,98,,90,71,71,33
"Burrows, Mike","681347","2026",57,45,51,55,63,23,61,79,26,76,47,73,48,71,,57,60,45,93
"Young, Brandon","687064","2026",28,27,18,16,49,45,59,28,36,33,12,55,19,71,,28,42,24,
"Weathers, Ryan","677960","2026",31,25,16,14,60,10,14,45,5,31,86,82,68,61,,31,64,60,
"Rodriguez, Eduardo","593958","2026",33,37,34,32,39,15,53,53,31,69,18,28,9,23,,33,14,47,17
"Hancock, Emerson","676106","2026",53,61,25,13,83,4,15,28,12,39,80,93,43,21,,53,60,82,
"Bummer, Aaron","607481","2026",13,30,4,2,44,39,7,1,66,1,22,62,28,62,,13,4,5,14
"Vesia, Alex","681911","2026",,,,,,,,,10,,,,,,,,6,89,
"Kikuchi, Yusei","579328","2026",30,33,25,26,40,29,43,28,1,31,55,38,55,29,,30,66,48,58
"Leiter, Jack","683004","2026",33,37,31,28,42,4,14,64,12,32,76,41,80,47,,33,83,89,75
"May, Dustin","669160","2026",31,13,33,50,35,23,60,31,5,9,24,84,7,37,,31,85,62,96
"Feltner, Ryan","663372","2026",6,17,3,1,31,18,2,40,34,8,33,48,52,9,,6,56,86,
"Taylor, Grant","691799","2026",88,85,88,88,81,65,64,26,85,18,96,44,66,80,,88,97,78,49
"Strider, Spencer","675911","2026",,,,,,,,,81,,,,,,,,68,71,
"Yarbrough, Ryan","642232","2026",91,92,95,93,74,91,90,92,76,99,31,41,24,42,,91,1,1,
"Brazobán, Huascar","623211","2026",78,72,88,93,57,91,95,98,60,96,29,30,63,55,,78,73,49,
"Scholtens, Jesse","669947","2026",42,38,45,52,37,33,41,85,51,73,28,53,15,58,,42,19,35,
"Fried, Max","608331","2026",92,88,93,96,88,65,95,90,24,85,44,64,39,51,,92,39,14,88
"Pomeranz, Drew","519141","2026",13,13,7,9,7,45,20,58,49,72,24,33,42,48,,13,22,99,11
"Hicks, Jordan","663855","2026",63,48,90,99,7,98,98,16,78,82,5,1,1,3,,63,96,1,
"Ober, Bailey","641927","2026",56,50,56,56,60,18,53,88,9,84,23,59,21,39,,56,1,57,
"Wells, Tyler","669330","2026",65,55,45,37,80,65,72,47,43,75,60,91,84,52,,65,31,85,
"Scott, Tanner","656945","2026",69,35,46,55,82,65,54,57,37,88,82,98,91,100,,69,80,96,
"Peralta, Wandy","593974","2026",39,41,46,52,35,65,73,72,83,69,26,33,43,81,,39,70,12,
"Holmes, Clay","605280","2026",59,39,64,73,53,33,79,42,42,28,33,59,29,80,,59,35,18,94
"Sale, Chris","519242","2026",81,83,74,60,85,18,43,80,11,81,89,82,66,96,,81,64,50,
"Lovelady, Richard","663992","2026",53,44,73,83,10,82,85,67,77,82,49,6,59,50,,53,10,60,
"Quintana, Jose","500779","2026",36,25,34,37,35,29,48,64,76,84,2,35,25,63,,36,3,16,6
"Martin, Davis","663436","2026",53,28,45,57,62,18,50,21,9,19,80,91,56,88,,53,35,78,87
"Uribe, Abner","682842","2026",74,41,70,81,70,82,79,79,47,77,75,76,19,19,,74,94,53,
"Cecconi, Slade","677944","2026",14,12,11,14,20,2,19,68,24,60,18,55,21,31,,14,26,64,12
"Suárez, Albert","544150","2026",25,58,30,18,34,55,45,20,47,48,7,13,28,17,,25,31,56,
"Leiter Jr., Mark","643410","2026",13,1,18,60,6,65,72,64,49,67,49,66,66,91,,13,19,3,
"Legumina, Casey","668984","2026",18,9,21,40,12,55,47,31,53,11,8,75,10,34,,18,30,79,
"Bradley, Taj","671737","2026",55,61,50,40,66,6,25,2,14,20,75,56,60,37,,55,80,55,24
"Fairbanks, Pete","664126","2026",,,,,,,,,4,,,,,,,,86,86,
"Pagán, Emilio","641941","2026",29,54,13,5,50,45,16,8,71,1,22,39,51,50,,29,48,99,
"Liberatore, Matthew","669461","2026",15,12,10,13,27,10,37,6,20,25,17,51,13,32,,15,50,10,92
"Abel, Mick","690953","2026",23,19,41,60,11,65,77,70,55,43,66,29,72,73,,23,56,94,
"Tidwell, Blade","694918","2026",,,,,,,,,44,,,,,,,,75,39,
"Thompson, Ryan","657044","2026",65,63,69,68,47,65,56,48,19,75,15,33,20,90,,65,2,4,
"Shugart, Chase","663767","2026",57,70,57,43,65,65,41,62,64,46,72,89,38,36,,57,64,12,
"Williams, Gavin","668909","2026",41,58,34,22,58,1,7,10,2,13,89,39,86,75,,41,77,32,35
"Ray, Robbie","592662","2026",45,78,21,6,77,4,11,68,13,76,75,37,69,60,,45,31,72,7
"Borucki, Ryan","621366","2026",52,23,55,71,39,82,85,82,37,38,15,39,68,66,,52,39,51,
"Burke, Sean","680732","2026",58,39,49,55,68,33,75,55,10,58,36,88,15,69,,58,43,93,34
"Early, Connelly","813349","2026",30,53,29,19,39,4,13,20,26,33,49,35,25,56,,30,28,48,29
"Winn, Keaton","676775","2026",99,98,99,95,98,91,94,97,61,96,48,44,66,69,,99,77,59,
"Springs, Jeffrey","605488","2026",67,75,54,35,82,10,34,72,8,77,46,79,51,48,,67,10,28,
"Acton, Garrett","670183","2026",,,,,,,,,53,,,,,,,,45,92,
"Faucher, Calvin","676534","2026",38,68,71,68,12,65,56,6,49,4,53,1,78,17,,38,79,66,
"Poulin, PJ","676571","2026",26,54,29,19,24,45,38,5,55,6,20,15,6,28,,26,2,22,
"Nunez, Anthony","689296","2026",44,54,29,20,67,45,34,66,37,53,73,56,96,92,,44,75,95,
"Herrin, Tim","682120","2026",83,89,89,85,52,82,82,97,39,96,1,12,52,28,,83,39,53,20
"Baker, Bryan","641329","2026",99,96,98,95,99,91,92,96,56,96,83,79,95,73,,99,85,67,
"Luzardo, Jesús","666200","2026",77,58,72,72,77,33,69,90,34,89,91,82,94,94,,77,85,47,
"Graceffo, Gordon","700669","2026",10,14,10,12,10,45,43,2,21,8,4,26,4,10,,10,68,8,
"Elder, Bryce","693821","2026",84,83,84,79,80,45,89,36,36,54,64,47,52,44,,84,17,22,
"Pop, Zach","647315","2026",,,,,,,,,65,,,,,,,,77,25,
"Okert, Steven","595345","2026",31,43,21,15,49,55,49,92,39,98,14,37,37,21,,31,5,30,
"Mikolas, Miles","571945","2026",28,33,14,9,60,6,15,60,26,24,12,69,8,38,,28,24,26,51
"Prielipp, Connor","687570","2026",73,91,55,20,85,39,10,16,39,40,78,51,38,75,,73,63,39,
"Richards, Trevor","670950","2026",,,,,,,,,86,,,,,,,,17,54,
"Collyer, Gavin","686560","2026",,,,,,,,,73,,,,,,,,88,90,
"Weiss, Ryan","680802","2026",9,22,13,11,8,23,18,26,49,7,53,8,39,40,,9,56,83,
"Bigge, Hunter","685801","2026",76,86,80,69,49,82,69,74,47,80,40,9,87,26,,76,80,84,
"McGreevy, Michael","700241","2026",21,18,9,10,55,6,23,64,2,61,34,85,20,30,,21,5,38,43
"Bolton, Cody","675989","2026",2,13,7,10,1,55,18,11,39,6,80,2,33,2,,2,56,61,
"Valdez, Framber","664285","2026",40,33,43,48,44,23,63,22,21,22,24,67,27,87,,40,39,28,91
"Payamps, Joel","606303","2026",,,,,,,,,56,,,,,,,,39,83,
"Murray, Jayden","681151","2026",,,,,,,,,53,,,,,,,,63,80,
"Brown, Ben","676962","2026",90,84,92,94,88,65,88,51,12,73,60,64,58,51,,90,80,27,19
"Varland, Gus","681402","2026",35,19,36,45,44,39,8,1,40,2,67,70,63,78,,35,66,61,
"Myers, Tobias","668964","2026",88,67,71,69,91,55,74,42,42,48,39,97,24,19,,88,19,37,
"Morgan, Eli","669212","2026",,,,,,,,,45,,,,,,,,6,48,
"Assad, Javier","665871","2026",26,10,28,47,34,55,80,12,26,1,5,76,4,4,,26,26,8,
"Gil, Luis","661563","2026",7,27,10,7,6,39,31,1,7,14,2,17,10,5,,7,60,88,
"Franco, Jose","683742","2026",22,64,52,42,14,45,14,84,58,82,24,3,7,23,,22,62,67,
"Sabrowski, Erik","681870","2026",93,99,91,65,96,65,27,1,42,46,100,31,93,75,,93,48,96,58
"Cruz, Steven","674444","2026",,,,,,,,,79,,,,,,,,90,38,
"Lord, Brad","695418","2026",60,41,43,41,69,45,67,60,8,21,18,88,22,75,,60,51,71,
"Mejia, Juan","675848","2026",68,63,67,66,53,82,88,31,49,64,87,34,90,80,,68,92,86,
"Bello, Brayan","678394","2026",3,4,4,5,10,2,9,24,19,32,13,36,62,36,,3,50,6,
"De Jesus, Enmanuel","646241","2026",36,23,55,71,21,65,63,22,84,51,47,24,16,18,,36,39,69,
"Sands, Cole","663485","2026",,,,,,,,,61,,,,,,,,25,42,
"Suarez, Ranger","624133","2026",69,54,59,62,76,29,54,70,31,67,47,78,16,64,,69,6,5,3
"Lugo, Seth","607625","2026",36,22,34,40,43,15,49,22,49,56,45,53,11,19,,36,11,58,99
"Banks, Tanner","621383","2026",56,28,66,81,35,91,96,89,68,85,66,31,44,91,,56,11,8,
"Blackburn, Paul","621112","2026",47,33,62,74,31,65,69,35,43,30,9,36,4,6,,47,43,15,
"Mantiply, Joe","573009","2026",43,30,32,33,65,55,27,31,53,21,79,93,8,98,,43,1,19,32
"Mey, Luis","682825","2026",,,,,,,,,93,,,,,,,,96,58,
"Garcia, Robert","676395","2026",,,,,,,,,53,,,,,,,,45,47,
"Holton, Tyler","663947","2026",24,7,47,83,8,65,75,33,37,34,13,34,22,10,,24,8,18,
"Erceg, Lucas","668674","2026",60,82,87,89,24,65,56,59,33,52,42,2,20,6,,60,88,6,
"Detmers, Reid","672282","2026",84,78,81,77,81,33,71,64,28,65,67,63,61,74,,84,41,24,47
"Bruihl, Justin","677865","2026",10,17,44,64,3,65,74,82,31,27,6,10,15,9,,10,5,30,
"Gallen, Zac","668678","2026",16,6,14,26,23,6,29,12,22,14,10,75,11,67,,16,34,59,29
"Severino, Luis","622663","2026",33,53,49,48,21,6,30,51,10,38,51,12,32,41,,33,82,29,
"Mize, Casey","663554","2026",71,72,63,55,74,33,41,62,51,35,81,55,69,56,,71,28,33,
"Nelson, Ryne","669194","2026",20,41,7,4,58,2,6,14,17,12,44,58,33,54,,20,77,59,70
"Nance, Tommy","667297","2026",60,33,63,75,56,82,86,67,37,69,84,63,49,97,,60,56,38,91
"Cameron, Noah","702070","2026",6,6,5,7,16,2,6,22,2,18,34,56,39,29,,6,17,67,16
"Montero, Keider","672456","2026",74,66,52,40,87,10,24,12,22,29,29,91,12,4,,74,45,43,90
"McClanahan, Shane","663556","2026",65,70,60,50,70,23,30,64,19,51,63,38,66,58,,65,63,33,50
"Freeland, Kyle","607536","2026",18,10,18,30,25,33,55,42,19,37,39,85,47,95,,18,14,77,27
"Barco, Hunter","682995","2026",6,10,17,30,2,65,54,42,18,26,6,10,3,1,,6,43,43,
"Boyd, Matthew","571510","2026",46,33,27,26,69,39,34,47,17,5,92,85,87,96,,46,21,58,
"Schultz, Noah","702273","2026",42,67,61,57,27,45,53,70,66,79,47,9,59,25,,42,70,93,
"Griffin, Foster","656492","2026",50,48,40,33,62,2,15,77,1,63,49,64,44,55,,50,9,7,15
"Hanifee, Brenan","669724","2026",,,,,,,,,92,,,,,,,,60,8,
"Messick, Parker","800048","2026",81,67,73,70,82,33,67,85,40,90,85,84,63,85,,81,30,14,13
"Yamamoto, Yoshinobu","808967","2026",43,31,26,28,68,10,26,40,8,44,57,85,83,63,,43,66,49,83
"Webb, Jacob","657097","2026",13,14,12,15,18,45,22,2,24,3,63,29,88,62,,13,34,88,
"Estrada, Jeremiah","669093","2026",,,,,,,,,91,,,,,,,,70,23,
"Moll, Sam","594580","2026",67,90,93,91,31,91,91,93,69,98,45,17,31,1,,67,6,89,
"Martin, Riley","702303","2026",,,,,,,,,66,,,,,,,,51,84,
"Márquez, Germán","608566","2026",14,19,8,8,28,18,24,48,17,18,10,44,16,7,,14,45,23,63
"Bernardino, Brennan","657514","2026",60,21,64,84,44,82,82,95,31,96,43,80,30,52,,60,4,25,57
"Burke, Brock","656271","2026",40,43,59,66,15,45,16,70,56,61,82,12,94,39,,40,66,63,
"Marinaccio, Ron","676760","2026",63,47,47,45,74,55,67,83,11,79,39,80,79,39,,63,35,27,
"Chandler, Bubba","696149","2026",30,70,39,23,25,18,37,48,29,71,36,6,36,55,,30,97,83,
"Rolison, Ryan","669020","2026",,,,,,,,,57,,,,,,,,45,54,
"Helsley, Ryan","664854","2026",,,,,,,,,85,,,,,,,,98,99,
"Gilbert, Logan","669302","2026",38,26,24,26,63,2,21,10,14,9,72,93,78,62,,38,64,14,25
"Fluharty, Mason","689254","2026",96,99,94,77,94,65,40,91,56,95,94,23,90,87,,96,,,
"Winn, Cole","668390","2026",52,55,48,41,60,82,82,58,14,35,74,48,80,89,,52,56,76,
"Dotel, Wilber","696062","2026",,,,,,,,,87,,,,,,,,96,62,
"Beeks, Jalen","656222","2026",68,60,47,37,77,55,43,51,1,22,57,70,55,15,,68,31,24,
"Civale, Aaron","650644","2026",45,26,40,48,50,29,67,15,22,11,26,73,13,43,,45,10,68,95
"Schlittler, Cam","693645","2026",91,78,79,74,96,29,67,68,4,44,88,95,73,95,,91,93,78,52
"Herget, Jimmy","623474","2026",50,54,26,16,79,39,7,38,20,23,65,94,80,75,,50,11,88,
"Treinen, Blake","595014","2026",,,,,,,,,42,,,,,,,,66,57,
"Kinley, Tyler","641755","2026",72,85,74,56,62,82,83,99,49,99,71,20,60,13,,72,,,
"Buehler, Walker","621111","2026",26,13,28,42,27,33,66,36,36,56,34,68,17,40,,26,39,13,40
"Lange, Alex","656638","2026",18,60,34,21,15,29,1,22,46,26,64,5,86,41,,18,64,31,
"Henderson, Logan","701656","2026",87,83,61,37,98,55,8,59,81,68,94,97,37,93,,87,27,68,
"Whitlock, Garrett","676477","2026",42,50,36,26,60,55,27,59,49,88,88,47,62,87,,42,51,21,
"Smith, Burch","572143","2026",,,,,,,,,64,,,,,,,,45,73,
"Miller, Erik","669062","2026",,,,,,,,,77,,,,,,,,88,74,
"Cabrera, Edward","665795","2026",40,28,37,37,52,1,9,6,3,42,51,66,63,91,,40,72,37,37
"Bachman, Sam","696147","2026",90,94,93,84,81,65,59,94,87,90,82,16,93,24,,90,97,73,
"Bennett, Jake","687562","2026",,,,,,,,,2,,,,,,,,16,5,
"Bassitt, Chris","605135","2026",21,9,51,84,5,65,94,80,22,75,9,36,30,7,,21,14,12,16
"Hoppe, Alex","695380","2026",,,,,,,,,57,,,,,,,,85,45,
"Armstrong, Shawn","542888","2026",,,,,,,,,53,,,,,,,,31,21,
"Muñoz, Andrés","662253","2026",24,39,21,18,39,45,4,51,21,6,99,31,99,92,,24,96,36,
"Harris, Hogan","663687","2026",64,88,85,76,29,65,77,95,69,97,52,3,50,3,,64,62,65,68
"Granillo, Andre","701552","2026",,,,,,,,,65,,,,,,,,45,45,
"Bazardo, Eduard","660825","2026",38,26,37,39,46,45,36,16,40,27,29,63,17,34,,38,51,25,
"Cruz, Fernando","518585","2026",48,88,75,57,26,65,40,92,62,95,96,6,100,34,,48,27,38,
"Peralta, Freddy","642547","2026",57,48,66,71,47,45,86,72,81,45,55,39,69,63,,57,36,81,10
"Hall, DL","669084","2026",60,89,86,79,26,55,34,87,47,79,78,2,75,18,,60,51,15,
"Baumler, Carter","691945","2026",,,,,,,,,78,,,,,,,,,,45
"Farris, Mitch","815083","2026",20,5,19,42,25,65,69,83,15,60,18,84,80,82,,20,10,27,
"Hoffmann, Andrew","694851","2026",33,50,48,44,20,65,48,33,37,29,37,13,12,1,,33,51,52,
"Doval, Camilo","666808","2026",80,57,56,54,89,65,61,8,55,5,67,94,84,33,,80,86,93,
"Meyer, Max","676974","2026",51,42,51,58,47,15,30,38,20,42,73,56,80,78,,51,51,94,
"Backhus, Kyle","679775","2026",,,,,,,,,66,,,,,,,,8,30,
"Chapman, Aroldis","547973","2026",,,,,,,,,10,,,,,,,,92,88,
"Urquidy, José","664353","2026",,,,,,,,,91,,,,,,,,23,51,
"Lynch IV, Daniel","663738","2026",93,97,89,65,95,65,45,94,78,93,95,66,95,56,,93,43,42,
"Woods Richardson, Simeon","680573","2026",11,10,12,18,17,6,36,15,15,18,2,51,5,6,,11,22,34,
"Hill, Jaden","677955","2026",48,31,64,79,19,91,93,48,7,63,52,13,77,31,,48,91,80,
"Kilian, Caleb","668873","2026",67,82,79,72,31,82,83,82,83,82,62,4,82,50,,67,83,78,73
"Roupp, Landen","694738","2026",91,88,97,99,75,98,98,93,82,98,87,30,52,50,,91,28,9,96
"Romero, JoJo","668941","2026",23,23,20,25,31,55,55,5,44,16,38,50,29,31,,23,42,31,
"Avila, Luinder","679883","2026",7,8,6,11,12,55,24,28,46,40,44,33,46,16,,7,80,85,
"Finnegan, Kyle","640448","2026",52,81,83,81,19,65,71,53,14,54,17,1,48,15,,52,79,46,
"Medina, Luis","665622","2026",35,63,31,17,37,45,6,12,31,42,67,23,78,3,,35,88,87,
"Bibee, Tanner","676440","2026",57,58,55,49,62,18,52,17,3,16,55,46,77,27,,57,43,23,60
"Miles, Spencer","693686","2026",74,38,67,76,72,65,81,96,57,88,42,87,17,17,,74,77,41,87
"Domínguez, Seranthony","622554","2026",18,66,33,16,12,55,18,24,31,71,87,10,73,13,,18,91,39,
"Taillon, Jameson","592791","2026",43,69,22,10,70,1,7,74,24,66,46,55,54,44,,43,11,67,54
"Brown, Hunter","686613","2026",,,,,,,,,92,,,,,,,,75,50,
"Parker, Mitchell","680730","2026",47,36,44,45,55,65,69,6,42,5,40,76,89,87,,47,28,17,
"Skubal, Tarik","669373","2026",78,27,71,87,77,39,77,33,22,30,80,98,81,91,,78,80,54,
"Kochanowicz, Jack","686799","2026",23,19,41,60,12,23,64,28,28,32,12,25,37,11,,23,72,28,
"Madden, Ty","680744","2026",,,,,,,,,43,,,,,,,,24,62,
"O'Brien, Riley","676617","2026",93,78,85,86,96,82,86,80,71,40,92,100,64,80,,93,97,37,
"Soriano, George","666277","2026",56,87,66,40,46,55,41,55,33,72,40,11,86,65,,56,80,26,
"Kay, Anthony","641743","2026",4,8,9,16,5,6,16,33,10,25,13,33,15,60,,4,68,58,
"Nola, Aaron","605400","2026",40,28,34,35,53,15,38,55,26,49,62,61,57,69,,40,12,56,60
"Samaniego, Tyler","701719","2026",69,72,81,83,52,91,91,48,28,74,34,30,19,18,,69,25,30,
"Kittredge, Andrew","552640","2026",,,,,,,,,37,,,,,,,,51,72,
"Shuster, Jared","694363","2026",,,,,,,,,88,,,,,,,,28,18,
"Tolle, Payton","801139","2026",96,96,94,83,98,55,54,53,23,48,92,76,65,73,,96,72,44,
"King, Bryan","687911","2026",83,67,90,98,54,98,98,51,75,61,47,73,25,61,,83,12,10,
"Henriquez, Edgardo","683618","2026",64,78,83,83,42,91,91,99,80,90,37,21,53,67,,64,100,80,
"Headrick, Brent","687396","2026",67,50,62,67,58,65,78,40,61,57,67,48,85,58,,67,36,75,
"Burns, Chase","695505","2026",80,82,70,55,82,23,51,48,12,55,75,53,93,66,,80,94,98,
"Cantillo, Joey","676282","2026",50,60,55,47,47,23,45,59,23,50,52,24,61,15,,50,12,1,66
"Hoffman, Jeff","656546","2026",83,86,87,86,72,65,56,33,76,77,98,55,99,99,,83,83,96,
"Imanaga, Shota","684007","2026",82,78,64,49,90,10,29,38,57,42,85,76,91,99,,82,12,94,
"Keller, Brad","641745","2026",69,44,77,90,52,82,85,77,69,51,71,56,40,36,,69,88,73,
"Pivetta, Nick","601713","2026",99,98,98,93,98,91,91,88,84,85,98,48,56,98,,99,43,69,81
"Martin, Corbin","656686","2026",,,,,,,,,79,,,,,,,,60,92,
"Díaz, Edwin","621242","2026",,,,,,,,,94,,,,,,,,71,66,
"Wheeler, Zack","554430","2026",92,93,93,87,93,65,60,85,60,94,77,52,71,93,,92,48,81,
"Harrison, Kyle","690986","2026",66,65,75,75,55,39,58,66,26,88,89,46,75,83,,66,55,70,
"Singer, Brady","663903","2026",11,7,8,14,23,6,33,8,15,26,10,88,29,42,,11,5,74,
"Henry, Cole","669371","2026",,,,,,,,,79,,,,,,,,36,94,
"Sánchez, Cristopher","650911","2026",87,75,77,70,90,6,45,57,23,40,85,85,88,96,,87,60,18,
"Ribalta, Orlando","687377","2026",,,,,,,,,98,,,,,,,,83,97,
"Corbin, Patrick","571578","2026",7,4,10,25,7,29,38,36,51,33,19,71,12,21,,7,9,11,
"Peterson, David","656849","2026",37,22,54,71,33,33,73,45,29,15,43,67,35,77,,37,14,22,30
"Latz, Jacob","656641","2026",98,98,86,54,99,65,69,22,83,13,59,88,44,23,,98,39,44,
"Lauer, Eric","641778","2026",10,19,6,5,29,2,10,28,6,35,15,38,21,61,,10,5,17,21
"De los Santos, Yerry","660787","2026",,,,,,,,,30,,,,,,,,72,13,
"Houser, Adrian","605288","2026",15,9,8,13,29,6,33,15,17,17,3,79,13,46,,15,62,34,1
"Rogers, Tyler","643511","2026",94,42,90,99,77,98,98,100,24,99,7,89,2,41,,94,1,2,
"Dreyer, Jack","676263","2026",80,77,72,63,82,65,63,38,66,28,83,76,72,52,,80,28,89,
"Morris, Andrew","702193","2026",74,38,68,79,71,91,96,89,46,76,36,79,37,80,,74,68,9,
"López, Reynaldo","625643","2026",25,30,29,30,25,39,51,87,6,66,39,27,20,9,,25,36,5,
"Walker, Taijuan","592836","2026",2,3,2,3,7,15,8,74,60,66,10,41,5,21,,2,14,3,18
"Klein, Will","694361","2026",85,47,84,96,58,91,94,58,37,77,61,50,13,35,,85,93,23,30
"Vodnik, Victor","680767","2026",43,47,47,45,29,55,47,21,40,62,31,19,70,13,,43,99,45,
"Montgomery, Mason","682254","2026",73,76,77,74,63,65,45,60,13,37,97,21,95,94,,73,97,45,
"Scott, Christian","681035","2026",,,,,,,,,75,,,,,,,,73,80,
"Ureña, Walbert","700712","2026",76,89,87,81,49,45,50,85,30,83,48,6,53,77,,76,94,36,
"Sewald, Paul","623149","2026",58,93,15,1,96,45,1,3,75,6,96,66,73,50,,58,11,98,
"Canning, Griffin","656288","2026",,,,,,,,,83,,,,,,,,50,26,
"Eovaldi, Nathan","543135","2026",38,26,25,28,60,10,41,28,2,15,57,93,85,90,,38,45,25,1
"Fisher, Braydon","680755","2026",60,60,64,64,50,45,25,62,84,53,73,34,75,60,,60,56,32,36
"Seabold, Connor","657756","2026",,,,,,,,,68,,,,,,,,35,21,
"Horton, Cade","690990","2026",,,,,,,,,45,,,,,,,,68,95,
"Bowlan, Jonathan","680742","2026",,,,,,,,,58,,,,,,,,88,75,
"Rogers, Trevor","669432","2026",63,50,58,63,67,39,64,60,49,83,37,69,61,84,,63,23,86,
"Rocker, Kumar","677958","2026",18,17,18,23,26,18,31,17,37,6,29,50,35,36,,18,51,16,
"Agnos, Zach","688642","2026",29,15,26,39,25,23,18,70,33,67,20,50,62,94,,29,45,64,
"Sims, Lucas","608371","2026",,,,,,,,,86,,,,,,,,43,97,
"Barlow, Scott","605130","2026",76,95,88,69,56,82,83,72,73,84,52,20,97,75,,76,2,31,46
"De Los Santos, Enyel","660853","2026",80,61,69,69,83,82,86,62,51,62,42,85,73,64,,80,56,35,
"Flaherty, Jack","656427","2026",28,75,57,37,13,29,36,21,10,22,75,4,51,7,,28,19,38,26
"Speier, Gabe","642100","2026",34,28,19,15,42,55,23,74,20,90,45,51,41,86,,34,50,30,
"Petersen, Michael","656848","2026",54,74,26,10,82,33,1,2,34,20,71,64,53,34,,54,88,65,
"Junk, Janson","676083","2026",56,39,43,41,72,23,63,26,21,31,26,89,18,36,,56,45,56,42
"Gage, Matt","657424","2026",54,82,76,65,40,82,83,85,39,94,13,8,49,56,,54,21,20,
"Lambert, Peter","663567","2026",74,85,83,75,57,65,77,55,5,34,66,22,73,46,,74,55,53,
"Webb, Logan","657277","2026",34,16,39,60,33,18,60,17,7,9,37,73,21,85,,34,19,2,
"Mlodzinski, Carmen","669387","2026",30,13,36,57,29,18,45,4,51,1,55,71,25,32,,30,51,6,51
"Ritchie, JR","702275","2026",19,71,33,13,18,55,47,36,71,40,21,4,33,6,,19,42,63,55
"Morgan, David","688158","2026",62,81,90,92,15,91,92,92,49,93,49,4,75,84,,62,86,60,56
"Anderson, Drew","623454","2026",47,70,58,47,40,39,25,11,3,10,84,18,88,56,,47,60,51,69
"Hurt, Kyle","669165","2026",,,,,,,,,51,,,,,,,,75,10,
"Morán, Jovani","663558","2026",68,92,75,43,55,55,56,70,65,87,49,8,77,18,,68,16,61,
"Javier, Cristian","664299","2026",,,,,,,,,46,,,,,,,,25,33,
"Baz, Shane","669358","2026",31,21,36,44,28,10,41,47,37,56,31,41,28,45,,31,80,83,67
"Allard, Kolby","663465","2026",,,,,,,,,36,,,,,,,,2,1,
"Phillips, Connor","683175","2026",14,66,69,67,2,55,52,38,45,43,47,1,75,4,,14,94,91,
"Smith, Shane","681343","2026",,,,,,,,,46,,,,,,,,70,32,2
"Keller, Mitch","656605","2026",54,23,58,74,47,39,83,81,51,48,30,69,35,55,,54,27,71,
"Crochet, Garrett","676979","2026",26,27,28,30,31,23,22,38,14,20,79,63,41,50,,26,70,77,
"Santana, Dennis","642701","2026",17,17,22,32,12,45,34,64,51,53,7,20,28,67,,17,41,85,
"Watson, Ryan","670245","2026",2,4,3,4,9,10,4,33,7,47,13,62,23,48,,2,36,36,5
"Schreiber, John","670167","2026",20,16,16,23,9,65,71,22,73,37,1,17,2,9,,20,21,50,
"Rodriguez, Bradgley","699134","2026",97,89,95,97,96,91,97,85,87,92,24,82,87,52,,97,93,49,
"Holmes, Grant","656550","2026",39,50,37,30,49,23,50,35,61,30,26,31,70,69,,39,51,65,82
"Kremer, Dean","665152","2026",,,,,,,,,62,,,,,,,,31,46,
"Mears, Nick","683232","2026",12,14,9,11,16,39,4,42,47,2,28,23,9,36,,12,51,41,
"Raley, Brooks","548384","2026",83,86,64,40,87,65,40,48,37,69,93,52,77,48,,83,2,82,
"Nardi, Andrew","677053","2026",8,31,10,7,11,45,15,33,56,24,61,7,86,31,,8,51,79,
"Weaver, Luke","596133","2026",47,46,36,28,63,45,20,72,33,87,57,52,57,66,,47,55,87,
"Skenes, Paul","694973","2026",97,94,91,76,99,45,80,90,40,81,87,96,47,82,,97,90,40,
"Kuhnel, Joel","669270","2026",54,11,68,94,42,98,98,62,86,61,1,71,13,45,,54,48,46,
"Anderson, Grant","681982","2026",68,67,56,45,71,55,34,57,29,15,57,44,32,43,,68,24,63,
"Woodford, Jake","663765","2026",16,1,16,58,19,55,58,18,60,6,31,97,25,33,,16,36,9,
"Sheehan, Emmet","686218","2026",46,37,29,26,67,18,25,58,34,36,85,79,88,94,,46,43,81,55
"Festa, Matt","670036","2026",78,83,44,20,94,45,38,74,73,50,60,93,70,54,,78,12,90,
"Junis, Jakob","596001","2026",42,25,50,66,27,82,86,91,53,85,2,64,1,52,,42,14,19,
"Lucchesi, Joey","664192","2026",,,,,,,,,80,,,,,,,,16,41,
"Morales, Luis","806960","2026",1,2,1,1,1,45,4,24,40,19,5,1,3,13,,1,77,77,
"Ginn, J.T.","669372","2026",62,64,63,63,60,33,60,77,20,71,39,37,47,40,,62,48,3,
"Sanders, Cam","676742","2026",,,,,,,,,55,,,,,,,,72,98,
"Hudson, Bryan","663542","2026",89,81,94,99,67,98,98,68,74,92,81,27,61,13,,89,10,30,
"Williams, Devin","642207","2026",80,81,79,72,75,65,31,42,61,68,98,34,99,98,,80,31,61,
"Clarke, Taylor","664199","2026",86,76,64,50,91,55,58,87,57,92,5,99,13,29,,86,62,29,
"Imai, Tatsuya","837227","2026",,,,,,,,,94,,,,,,,,56,3,
"Senga, Kodai","673540","2026",31,45,47,48,21,39,27,48,69,46,60,15,73,19,,31,64,60,
"Pérez, Martín","527048","2026",37,35,38,39,44,39,66,58,1,45,24,61,23,56,,37,4,4,33
"Palencia, Daniel","694037","2026",,,,,,,,,66,,,,,,,,99,68,
"Woodruff, Brandon","605540","2026",81,72,60,44,89,33,49,36,58,78,39,87,33,79,,81,18,72,
"Thielbar, Caleb","573204","2026",,,,,,,,,77,,,,,,,,35,66,
"Ashby, Aaron","676879","2026",94,95,97,95,82,65,73,77,1,69,99,13,98,66,,94,90,15,76
"Brubaker, JT","664141","2026",10,3,25,63,3,65,74,77,57,90,21,12,58,67,,10,36,34,
"Vásquez, Randy","681190","2026",31,31,21,22,53,2,13,40,8,35,55,73,50,70,,31,56,85,97
"Wilcox, Cole","677961","2026",2,3,13,33,1,45,10,17,5,16,45,3,82,71,,2,80,10,
"Kelly, Kevin","687330","2026",72,46,61,67,69,45,22,24,71,9,39,85,33,81,,72,10,7,
"Gordon, Tanner","685299","2026",54,65,17,7,87,29,2,38,26,81,80,91,83,45,,54,31,38,
"Ohtani, Shohei","660271","2026",95,93,94,90,95,65,90,72,30,54,87,83,90,58,,95,93,91,65
"Romano, Jordan","605447","2026",,,,,,,,,73,,,,,,,,51,69,
"Walker, Ryan","676254","2026",41,38,50,58,19,65,67,98,74,85,31,12,4,8,,41,66,77,
"McLean, Nolan","690997","2026",94,91,91,87,93,39,71,90,42,68,94,76,57,30,,94,68,39,100
"Castillo, Luis","622491","2026",11,7,12,24,15,2,13,2,18,3,40,71,49,71,,11,60,35,
"Sulser, Cole","642121","2026",48,45,29,24,58,33,18,84,62,58,26,48,31,82,,48,15,83,
"Gordon, Colton","676467","2026",,,,,,,,,65,,,,,,,,9,4,
"Yesavage, Trey","702056","2026",95,94,97,93,92,82,73,91,40,99,77,52,66,90,,95,42,56,
"Littell, Zack","641793","2026",1,3,1,2,14,1,12,1,4,13,1,67,1,16,,1,8,2,
"Fuentes, Didier","800311","2026",71,68,60,54,75,65,36,12,53,50,90,70,84,4,,71,85,20,
"Miller, Mason","695243","2026",100,100,100,100,100,98,98,98,97,100,100,70,100,100,,100,100,98,
"Johnson, Pierce","572955","2026",4,5,2,3,21,33,3,16,66,43,51,69,27,24,,4,56,65,89
"Topa, Justin","623437","2026",5,4,4,8,8,39,20,7,3,26,6,30,1,9,,5,31,28,
"Kimbrel, Craig","518886","2026",,,,,,,,,74,,,,,,,,30,68,
"Maton, Phil","664208","2026",,,,,,,,,84,,,,,,,,,,98
"Williamson, Brandon","682227","2026",6,17,14,13,3,23,23,64,31,35,10,6,42,10,,6,23,22,
"Soroka, Michael","647336","2026",22,19,17,21,37,6,13,26,61,39,74,79,38,61,,22,39,91,
"Strahm, Matt","621381","2026",94,94,96,92,90,91,93,48,84,52,60,42,31,43,,94,8,97,
"McCullers Jr., Lance","621121","2026",35,55,52,49,23,29,37,14,21,10,67,15,66,29,,35,10,12,84
"Gray, Peyton","682608","2026",,,,,,,,,42,,,,,,,,18,64,
"Rasmussen, Drew","656876","2026",78,58,51,44,90,15,22,74,29,73,70,97,36,71,,78,71,92,
"Klassen, George","691946","2026",,,,,,,,,29,,,,,,,,85,74,
"Roycroft, Chris","688297","2026",,,,,,,,,66,,,,,,,,51,19,
"Bird, Jake","656234","2026",85,87,76,60,88,65,45,45,11,65,72,71,85,1,,85,59,42,
"García, Luis","472610","2026",1,1,2,9,2,65,65,38,71,13,1,61,11,85,,1,59,27,
"Abbott, Andrew","671096","2026",29,15,38,60,23,23,64,47,12,62,17,38,27,26,,29,22,66,82
"Gausman, Kevin","592332","2026",72,50,50,50,83,15,45,70,18,61,55,93,64,86,,72,36,42,
"Schultz, Paxton","687606","2026",30,33,9,6,72,45,12,31,61,63,51,98,17,11,,30,39,44,
"Megill, Trevor","656730","2026",60,74,62,52,62,65,52,15,31,27,74,39,91,73,,60,91,79,73
"Roa, Christian","685005","2026",,,,,,,,,23,,,,,,,,73,13,
"Vest, Will","676684","2026",77,86,76,62,72,82,65,36,15,77,67,25,83,58,,77,63,36,
"Rodríguez, Elmer","695684","2026",,,,,,,,,75,,,,,,,,63,1,
"Ragans, Cole","666142","2026",26,75,23,8,39,6,2,38,24,47,91,9,89,32,,26,60,99,38
"Kelly, Zack","677161","2026",11,11,32,53,9,55,27,82,24,79,37,21,33,34,,11,77,29,
"Warren, Will","701542","2026",64,53,54,53,74,23,45,8,4,21,91,82,47,19,,64,36,92,
"Hurter, Brant","676428","2026",73,55,77,85,65,65,79,80,58,71,28,71,18,27,,73,17,8,
"Povich, Cade","700249","2026",20,21,20,23,31,39,31,12,43,20,10,56,56,58,,20,14,89,41
"Drohan, Shane","675660","2026",85,64,85,92,74,82,87,67,10,75,30,53,54,73,,85,50,73,
"Ryan, Joe","657746","2026",76,75,72,63,80,10,27,33,19,40,67,73,43,56,,76,24,40,79
"King, Michael","650633","2026",59,76,67,55,53,10,20,81,5,82,67,27,80,38,,59,28,56,
"Garcia, Rico","670329","2026",96,97,98,94,94,91,90,99,81,98,95,25,98,13,,96,66,96,
"Ferrer, José A.","678606","2026",91,72,89,96,87,91,97,96,47,89,23,99,39,66,,91,88,16,
"Leasure, Jordan","673929","2026",6,41,1,1,35,15,1,7,3,35,67,22,63,88,,6,72,58,
"Painter, Andrew","691725","2026",23,17,18,25,37,15,27,51,12,60,34,66,25,82,,23,75,35,64
"Stanek, Ryne","592773","2026",44,58,72,73,19,65,61,6,7,23,84,5,96,48,,44,94,61,
"Suter, Brent","608718","2026",60,77,56,36,63,45,41,87,82,86,61,20,52,74,,60,1,18,
"Akin, Keegan","669211","2026",,,,,,,,,88,,,,,,,,28,69,
"Fedde, Erick","607200","2026",50,58,39,28,65,15,33,47,12,55,14,58,5,12,,50,36,8,
"Bido, Osvaldo","674370","2026",9,21,24,33,4,45,38,59,58,39,7,19,37,63,,9,55,75,
"Pallante, Andre","669467","2026",36,50,38,32,44,18,43,60,1,45,22,39,35,21,,36,56,32,78
"Waldron, Matt","663362","2026",66,66,56,45,76,55,65,45,84,58,21,87,6,67,,66,12,7,
"Scherzer, Max","453286","2026",4,10,4,3,14,23,6,48,34,54,3,42,2,51,,4,26,71,
"Coulombe, Danny","543056","2026",,,,,,,,,17,,,,,,,,3,44,
"Ashcraft, Braxton","677952","2026",90,88,86,80,91,33,73,42,44,69,79,71,77,79,,90,83,73,80
"Bubic, Kris","663460","2026",52,68,59,52,47,23,51,53,8,57,70,19,63,42,,52,12,75,
"Banda, Anthony","607455","2026",51,74,73,65,34,55,56,53,71,74,31,59,54,25,,51,36,13,
"Cano, Yennier","666974","2026",,,,,,,,,73,,,,,,,,51,4,
"Teng, Kai-Wei","678906","2026",62,44,61,68,60,55,73,11,28,58,49,67,25,27,,62,48,90,
"Gómez, Yoendrys","672782","2026",5,12,5,5,8,29,8,60,20,50,12,25,19,7,,5,55,82,
"Lorenzen, Michael","547179","2026",11,2,13,34,13,6,40,28,8,6,7,82,24,13,,11,34,54,44
"Beeter, Clayton","690925","2026",,,,,,,,,83,,,,,,,,80,81,
"Lawrence, Justin","664875","2026",9,7,15,26,5,45,20,20,57,38,59,59,46,43,,9,66,90,
"Alexander, Tyler","641302","2026",78,48,81,91,67,91,97,84,87,93,15,70,1,25,,78,5,16,
"Funderburk, Kody","681892","2026",17,43,68,75,3,82,83,68,58,90,8,1,7,1,,17,18,74,
"Manaea, Sean","640455","2026",17,21,20,26,17,23,10,20,5,37,55,39,31,40,,17,2,7,
"Wolfram, Grant","664991","2026",77,39,68,79,71,65,50,45,69,12,94,100,71,87,,77,66,41,
"Milner, Hoby","571948","2026",17,18,28,36,20,55,61,74,47,83,1,62,1,18,,17,1,1,
"Gray, Sonny","543243","2026",15,6,12,25,25,18,19,70,39,74,4,85,8,23,,15,17,86,60
"McDonald, Trevor","686790","2026",,,,,,,,,61,,,,,,,,48,63,
"Lee, Dylan","669276","2026",100,96,96,88,100,82,80,74,40,46,98,99,99,97,,100,28,82,
"Quantrill, Cal","615698","2026",23,28,15,12,39,39,2,33,51,16,34,30,39,25,,23,42,19,
"Zerpa, Angel","672582","2026",3,1,6,18,4,65,56,3,5,4,9,29,7,2,,3,70,6,
"Sterner, Justin","686993","2026",89,80,83,82,85,55,59,6,20,12,73,62,81,70,,89,27,68,
"Hill, Tim","657612","2026",71,18,58,80,75,91,95,10,13,3,2,99,1,85,,71,1,13,
"Sisk, Evan","681895","2026",96,95,98,97,91,98,98,95,86,80,87,80,52,9,,96,5,2,4
"Phillips, Tyler","663969","2026",48,58,66,67,34,45,51,26,24,42,57,18,90,83,,48,77,17,62
"Seymour, Ian","693855","2026",44,46,35,28,50,39,10,28,80,48,77,47,76,93,,44,5,14,
"Bachar, Lake","669199","2026",95,97,96,87,94,82,82,42,34,72,90,42,97,71,,95,56,100,
"Rea, Colin","607067","2026",36,22,27,34,47,18,43,5,44,14,44,73,41,83,,36,34,20,
"Leahy, Kyle","681517","2026",9,8,11,19,11,4,19,10,10,4,23,44,28,21,,9,35,28,22
"Santillan, Tony","663574","2026",7,26,5,3,17,39,5,18,42,10,57,16,41,26,,7,42,63,
"Pérez, Eury","691587","2026",25,58,24,12,37,2,7,38,44,32,66,25,72,48,,25,94,100,72
"Wrobleski, Justin","680736","2026",47,26,42,54,56,23,65,53,51,40,4,83,3,43,,47,34,81,
"Mahle, Tyler","641816","2026",37,38,39,37,42,10,25,33,39,58,54,28,24,26,,37,21,70,
"Arrighetti, Spencer","681293","2026",16,36,44,52,6,45,60,72,53,76,62,13,65,27,,16,22,62,86
"Smith, Cade","671922","2026",83,64,62,62,89,45,24,20,15,28,93,91,93,63,,83,80,55,
"Morillo, Juan","666661","2026",97,97,95,84,99,65,60,68,33,57,88,76,94,84,,97,98,33,
"Rogers, Taylor","573124","2026",19,10,42,68,17,65,72,88,75,95,23,61,11,39,,19,8,11,
"Cease, Dylan","656302","2026",83,76,87,90,71,45,80,77,15,60,97,44,97,70,,83,92,91,74
"Laweryson, Cody","689520","2026",,,,,,,,,79,,,,,,,,18,51,
"Varland, Louis","686973","2026",98,92,99,100,93,98,98,51,14,46,99,47,84,77,,98,94,45,39
"King, John","667463","2026",92,95,92,77,85,82,75,84,53,94,67,37,73,96,,92,6,25,
"Glasnow, Tyler","607192","2026",91,93,81,56,94,33,48,24,60,55,96,52,81,44,,91,68,94,85
"Holderman, Colin","670059","2026",,,,,,,,,53,,,,,,,,83,50,
"Weissert, Greg","669711","2026",48,46,39,34,56,65,63,74,5,38,71,56,31,79,,48,41,34,
"Gore, MacKenzie","669022","2026",45,63,48,37,46,10,17,35,12,29,81,21,48,41,,45,66,40,11
"Perkins, Jack","678022","2026",72,61,78,85,57,82,77,40,63,27,93,69,93,99,,72,75,35,
"Edwards Jr., Carl","605218","2026",,,,,,,,,92,,,,,,,,22,97,
"Sugano, Tomoyuki","608372","2026",4,9,2,2,28,1,3,22,51,17,8,76,8,15,,4,18,78,
"Sasaki, Roki","808963","2026",11,25,14,11,15,15,12,26,22,23,33,27,71,44,,11,86,21,
"Senzatela, Antonio","622608","2026",86,64,79,86,80,65,80,82,19,74,64,66,58,65,,86,86,53,
"Waldichuk, Ken","686610","2026",,,,,,,,,30,,,,,,,,,,22
"Soto, Gregory","642397","2026",98,99,99,98,97,91,92,98,65,88,97,42,66,19,,98,75,56,
"Mattson, Isaac","676755","2026",4,2,6,15,4,33,9,6,26,8,19,23,12,17,,4,39,71,
"Suarez, José","660761","2026",50,53,83,92,13,91,95,26,4,30,79,6,66,71,,50,27,76,
"Criswell, Cooper","681867","2026",58,54,30,20,79,55,27,3,30,2,71,92,66,92,,58,6,15,
"Alcantara, Sandy","645261","2026",68,50,69,74,65,18,74,62,29,65,15,59,41,62,,68,90,52,
"Suarez, Robert","663158","2026",86,48,77,89,83,91,94,97,78,94,65,94,57,97,,86,99,84,
"deGrom, Jacob","594798","2026",82,72,51,35,93,10,19,8,34,25,95,94,92,88,,82,90,91,
"Silseth, Chase","681217","2026",60,80,81,75,34,82,75,48,76,80,54,3,97,86,,60,73,83,
"Iglesias, Raisel","628452","2026",,,,,,,,,87,,,,,,,,45,56,
"Zeferjahn, Ryan","666171","2026",96,100,100,96,90,91,94,70,71,90,93,24,91,18,,96,82,25,
"Lopez, Jacob","682052","2026",73,88,79,64,62,39,78,89,36,87,19,11,21,6,,73,4,17,
"Irvin, Jake","663623","2026",21,36,20,17,33,4,12,51,4,19,57,48,43,11,,21,18,59,46
"Cavalli, Cade","676917","2026",45,46,71,79,24,23,54,42,26,51,55,42,54,54,,45,75,48,8
"Orze, Eric","679358","2026",67,55,74,77,39,65,75,83,21,67,33,15,39,58,,67,16,42,
"Jax, Griffin","643377","2026",26,37,23,20,25,45,33,16,43,16,46,18,83,62,,26,77,95,
"Bender, Anthony","669622","2026",86,86,94,98,50,91,91,48,47,61,76,19,6,4,,86,80,61,
"Pallette, Peyton","688883","2026",18,43,52,58,5,55,34,12,30,49,62,4,71,2,,18,66,49,78
"Anderson, Shaun","641312","2026",13,11,20,33,10,55,52,81,28,64,18,28,47,23,,13,31,95,
"Alvarado, Elvis","665660","2026",,,,,,,,,8,,,,,,,,94,87,
"Brogdon, Connor","641401","2026",26,31,7,4,76,33,5,8,24,25,42,95,60,32,,26,51,63,
"Nicolas, Kyle","693312","2026",,,,,,,,,40,,,,,,,,85,78,
"Martinez, Nick","607259","2026",55,35,43,47,70,23,67,85,44,88,15,91,9,66,,55,23,52,
"Foster, Cameron","671382","2026",,,,,,,,,81,,,,,,,,79,93,
"Englert, Mason","669438","2026",7,6,1,1,37,29,4,22,15,23,23,89,36,95,,7,19,47,
"Svanson, Matt","694335","2026",1,1,3,7,1,39,36,1,45,1,33,15,9,1,,1,75,53,
"Ginkel, Kevin","656464","2026",88,74,79,77,91,65,61,24,79,33,83,85,65,89,,88,50,76,
"Pérez, Cionel","672335","2026",1,2,1,1,2,29,3,1,53,1,4,9,12,1,,1,73,15,64
"Patrick, Chad","694477","2026",42,35,49,60,33,23,40,18,1,21,21,22,44,33,,42,50,37,
"Matz, Steven","571927","2026",29,23,23,28,40,10,17,55,4,59,30,53,45,35,,29,28,32,9
"Kerkering, Orion","689147","2026",98,99,99,96,97,82,83,100,28,100,22,39,23,87,,98,82,54,
"Ramírez, Yohan","670990","2026",74,69,84,90,16,65,81,99,69,85,63,17,59,72,,74,77,55,38
"Abreu, Bryan","650556","2026",3,71,17,6,1,45,1,12,79,1,91,1,96,5,,3,62,20,
"Loáisiga, Jonathan","642528","2026",48,38,45,50,69,65,67,11,18,11,26,95,49,82,,48,91,70,69
"Enns, Dietrich","608650","2026",,,,,,,,,71,,,,,,,,39,28,
"Boyle, Joe","671212","2026",39,28,42,50,44,82,82,79,64,29,63,48,58,30,,39,88,95,
"Lowder, Rhett","695076","2026",22,16,32,43,19,18,43,17,14,42,17,29,10,12,,22,23,51,
"Bradish, Kyle","680694","2026",40,55,41,33,43,6,17,79,8,45,63,21,56,48,,40,50,41,71
"Mayza, Tim","641835","2026",87,85,81,72,83,82,89,40,47,23,66,61,46,16,,87,45,11,
"Wacha, Michael","608379","2026",63,71,50,36,72,18,58,66,17,64,42,56,31,45,,63,25,19,20
"Duran, Jhoan","661395","2026",,,,,,,,,40,,,,,,,,96,1,
"Kelly, Merrill","518876","2026",1,1,1,1,1,1,1,4,12,10,15,10,78,47,,1,17,67,53
"Newcomb, Sean","656794","2026",77,43,77,91,54,82,90,96,33,80,53,59,45,47,,77,31,51,
"Woo, Bryan","693433","2026",66,57,40,31,86,6,34,40,40,14,37,96,33,60,,66,68,46,
"Misiorowski, Jacob","694819","2026",88,91,91,89,79,65,89,72,23,58,99,41,98,52,,88,99,99,7
"Paddack, Chris","663978","2026",39,30,30,31,57,15,24,31,1,12,28,78,30,77,,39,25,24,2
"Soriano, José","667755","2026",58,55,52,48,63,10,37,66,57,71,85,46,91,77,,58,90,11,28
"Ashcraft, Graham","668933","2026",72,90,80,66,52,55,27,18,77,51,89,10,87,77,,72,,,
"Blubaugh, AJ","805123","2026",33,78,42,20,44,29,15,26,22,67,36,16,78,12,,33,68,42,
"Alvarado, José","621237","2026",82,72,92,98,35,98,98,93,83,93,77,34,92,99,,82,94,5,